_start,_stop,_time,_value,_field,_measurement,deviceName
2024-03-02T14:32:08.854677718Z,2024-03-09T14:32:08.854677718Z,2024-03-05T08:00:00Z,808.5,carbon dioxide,iaq-data,AM103-Sensor_4
2024-03-02T14:32:08.854677718Z,2024-03-09T14:32:08.854677718Z,2024-03-05T14:30:00Z,677,carbon dioxide,iaq-data,AM103-Sensor_4
2024-03-02T14:32:08.854677718Z,2024-03-09T14:32:08.854677718Z,2024-03-05T15:00:00Z,677.3333333,carbon dioxide,iaq-data,AM103-Sensor_4
2024-03-02T14:32:08.854677718Z,2024-03-09T14:32:08.854677718Z,2024-03-05T15:30:00Z,664,carbon dioxide,iaq-data,AM103-Sensor_4
2024-03-02T14:32:08.854677718Z,2024-03-09T14:32:08.854677718Z,2024-03-06T02:00:00Z,649,carbon dioxide,iaq-data,AM103-Sensor_4
2024-03-02T14:32:08.854677718Z,2024-03-09T14:32:08.854677718Z,2024-03-06T02:30:00Z,662,carbon dioxide,iaq-data,AM103-Sensor_4
2024-03-02T14:32:08.854677718Z,2024-03-09T14:32:08.854677718Z,2024-03-06T05:00:00Z,1255,carbon dioxide,iaq-data,AM103-Sensor_4
2024-03-02T14:32:08.854677718Z,2024-03-09T14:32:08.854677718Z,2024-03-06T05:30:00Z,1198.333333,carbon dioxide,iaq-data,AM103-Sensor_4
2024-03-02T14:32:08.854677718Z,2024-03-09T14:32:08.854677718Z,2024-03-06T06:00:00Z,1096.333333,carbon dioxide,iaq-data,AM103-Sensor_4
2024-03-02T14:32:08.854677718Z,2024-03-09T14:32:08.854677718Z,2024-03-06T06:30:00Z,1022.333333,carbon dioxide,iaq-data,AM103-Sensor_4
2024-03-02T14:32:08.854677718Z,2024-03-09T14:32:08.854677718Z,2024-03-06T07:30:00Z,913,carbon dioxide,iaq-data,AM103-Sensor_4
2024-03-02T14:32:08.854677718Z,2024-03-09T14:32:08.854677718Z,2024-03-06T08:00:00Z,898.3333333,carbon dioxide,iaq-data,AM103-Sensor_4
2024-03-02T14:32:08.854677718Z,2024-03-09T14:32:08.854677718Z,2024-03-06T08:30:00Z,891.3333333,carbon dioxide,iaq-data,AM103-Sensor_4
2024-03-02T14:32:08.854677718Z,2024-03-09T14:32:08.854677718Z,2024-03-06T09:00:00Z,866.6666667,carbon dioxide,iaq-data,AM103-Sensor_4
2024-03-02T14:32:08.854677718Z,2024-03-09T14:32:08.854677718Z,2024-03-06T09:30:00Z,855.6666667,carbon dioxide,iaq-data,AM103-Sensor_4
2024-03-02T14:32:08.854677718Z,2024-03-09T14:32:08.854677718Z,2024-03-06T10:00:00Z,833.3333333,carbon dioxide,iaq-data,AM103-Sensor_4
2024-03-02T14:32:08.854677718Z,2024-03-09T14:32:08.854677718Z,2024-03-06T10:30:00Z,838.6666667,carbon dioxide,iaq-data,AM103-Sensor_4
2024-03-02T14:32:08.854677718Z,2024-03-09T14:32:08.854677718Z,2024-03-07T01:30:00Z,638.3333333,carbon dioxide,iaq-data,AM103-Sensor_4
2024-03-02T14:32:08.854677718Z,2024-03-09T14:32:08.854677718Z,2024-03-07T02:00:00Z,640,carbon dioxide,iaq-data,AM103-Sensor_4
2024-03-02T14:32:08.854677718Z,2024-03-09T14:32:08.854677718Z,2024-03-07T02:30:00Z,654,carbon dioxide,iaq-data,AM103-Sensor_4
2024-03-02T14:32:08.854677718Z,2024-03-09T14:32:08.854677718Z,2024-03-07T03:00:00Z,676.6666667,carbon dioxide,iaq-data,AM103-Sensor_4
2024-03-02T14:32:08.854677718Z,2024-03-09T14:32:08.854677718Z,2024-03-07T03:30:00Z,738.6666667,carbon dioxide,iaq-data,AM103-Sensor_4
2024-03-02T14:32:08.854677718Z,2024-03-09T14:32:08.854677718Z,2024-03-07T04:00:00Z,793.3333333,carbon dioxide,iaq-data,AM103-Sensor_4
2024-03-02T14:32:08.854677718Z,2024-03-09T14:32:08.854677718Z,2024-03-07T04:30:00Z,817,carbon dioxide,iaq-data,AM103-Sensor_4
2024-03-02T14:32:08.854677718Z,2024-03-09T14:32:08.854677718Z,2024-03-07T05:00:00Z,838,carbon dioxide,iaq-data,AM103-Sensor_4
2024-03-02T14:32:08.854677718Z,2024-03-09T14:32:08.854677718Z,2024-03-07T05:30:00Z,848.6666667,carbon dioxide,iaq-data,AM103-Sensor_4
2024-03-02T14:32:08.854677718Z,2024-03-09T14:32:08.854677718Z,2024-03-07T06:00:00Z,871,carbon dioxide,iaq-data,AM103-Sensor_4
2024-03-02T14:32:08.854677718Z,2024-03-09T14:32:08.854677718Z,2024-03-07T06:30:00Z,853.5,carbon dioxide,iaq-data,AM103-Sensor_4
2024-03-02T14:32:08.854677718Z,2024-03-09T14:32:08.854677718Z,2024-03-07T09:30:00Z,795,carbon dioxide,iaq-data,AM103-Sensor_4
2024-03-02T14:32:08.854677718Z,2024-03-09T14:32:08.854677718Z,2024-03-07T10:00:00Z,771,carbon dioxide,iaq-data,AM103-Sensor_4
2024-03-02T14:32:08.854677718Z,2024-03-09T14:32:08.854677718Z,2024-03-08T04:30:00Z,914,carbon dioxide,iaq-data,AM103-Sensor_4
2024-03-02T14:32:08.854677718Z,2024-03-09T14:32:08.854677718Z,2024-03-08T05:00:00Z,916.3333333,carbon dioxide,iaq-data,AM103-Sensor_4
2024-03-02T14:32:08.854677718Z,2024-03-09T14:32:08.854677718Z,2024-03-08T05:30:00Z,898,carbon dioxide,iaq-data,AM103-Sensor_4
2024-03-02T14:32:08.854677718Z,2024-03-09T14:32:08.854677718Z,2024-03-08T06:00:00Z,856.6666667,carbon dioxide,iaq-data,AM103-Sensor_4
2024-03-02T14:32:08.854677718Z,2024-03-09T14:32:08.854677718Z,2024-03-08T06:30:00Z,803,carbon dioxide,iaq-data,AM103-Sensor_4
2024-03-02T14:32:08.854677718Z,2024-03-09T14:32:08.854677718Z,2024-03-08T07:00:00Z,785,carbon dioxide,iaq-data,AM103-Sensor_4
2024-03-02T14:32:08.854677718Z,2024-03-09T14:32:08.854677718Z,2024-03-08T07:30:00Z,774.3333333,carbon dioxide,iaq-data,AM103-Sensor_4
2024-03-02T14:32:08.854677718Z,2024-03-09T14:32:08.854677718Z,2024-03-08T08:00:00Z,770.6666667,carbon dioxide,iaq-data,AM103-Sensor_4
2024-03-02T14:32:08.854677718Z,2024-03-09T14:32:08.854677718Z,2024-03-08T08:30:00Z,772.3333333,carbon dioxide,iaq-data,AM103-Sensor_4
2024-03-02T14:32:08.854677718Z,2024-03-09T14:32:08.854677718Z,2024-03-08T09:00:00Z,764.6666667,carbon dioxide,iaq-data,AM103-Sensor_4
2024-03-02T14:32:08.854677718Z,2024-03-09T14:32:08.854677718Z,2024-03-08T09:30:00Z,750.5,carbon dioxide,iaq-data,AM103-Sensor_4
2024-03-02T14:32:08.854677718Z,2024-03-09T14:32:08.854677718Z,2024-03-08T10:00:00Z,739,carbon dioxide,iaq-data,AM103-Sensor_4
2024-03-02T14:32:08.854677718Z,2024-03-09T14:32:08.854677718Z,2024-03-09T14:30:00Z,528,carbon dioxide,iaq-data,AM103-Sensor_4
2024-03-02T14:32:08.854677718Z,2024-03-09T14:32:08.854677718Z,2024-03-05T08:00:00Z,80,humidity,iaq-data,AM103-Sensor_4
2024-03-02T14:32:08.854677718Z,2024-03-09T14:32:08.854677718Z,2024-03-05T14:30:00Z,82.25,humidity,iaq-data,AM103-Sensor_4
2024-03-02T14:32:08.854677718Z,2024-03-09T14:32:08.854677718Z,2024-03-05T15:00:00Z,81,humidity,iaq-data,AM103-Sensor_4
2024-03-02T14:32:08.854677718Z,2024-03-09T14:32:08.854677718Z,2024-03-05T15:30:00Z,81.5,humidity,iaq-data,AM103-Sensor_4
2024-03-02T14:32:08.854677718Z,2024-03-09T14:32:08.854677718Z,2024-03-06T02:00:00Z,82,humidity,iaq-data,AM103-Sensor_4
2024-03-02T14:32:08.854677718Z,2024-03-09T14:32:08.854677718Z,2024-03-06T02:30:00Z,81.75,humidity,iaq-data,AM103-Sensor_4
2024-03-02T14:32:08.854677718Z,2024-03-09T14:32:08.854677718Z,2024-03-06T05:00:00Z,77,humidity,iaq-data,AM103-Sensor_4
2024-03-02T14:32:08.854677718Z,2024-03-09T14:32:08.854677718Z,2024-03-06T05:30:00Z,76.66666667,humidity,iaq-data,AM103-Sensor_4
2024-03-02T14:32:08.854677718Z,2024-03-09T14:32:08.854677718Z,2024-03-06T06:00:00Z,78.66666667,humidity,iaq-data,AM103-Sensor_4
2024-03-02T14:32:08.854677718Z,2024-03-09T14:32:08.854677718Z,2024-03-06T06:30:00Z,78.16666667,humidity,iaq-data,AM103-Sensor_4
2024-03-02T14:32:08.854677718Z,2024-03-09T14:32:08.854677718Z,2024-03-06T07:30:00Z,78.75,humidity,iaq-data,AM103-Sensor_4
2024-03-02T14:32:08.854677718Z,2024-03-09T14:32:08.854677718Z,2024-03-06T08:00:00Z,79.16666667,humidity,iaq-data,AM103-Sensor_4
2024-03-02T14:32:08.854677718Z,2024-03-09T14:32:08.854677718Z,2024-03-06T08:30:00Z,79.16666667,humidity,iaq-data,AM103-Sensor_4
2024-03-02T14:32:08.854677718Z,2024-03-09T14:32:08.854677718Z,2024-03-06T09:00:00Z,78.33333333,humidity,iaq-data,AM103-Sensor_4
2024-03-02T14:32:08.854677718Z,2024-03-09T14:32:08.854677718Z,2024-03-06T09:30:00Z,79.16666667,humidity,iaq-data,AM103-Sensor_4
2024-03-02T14:32:08.854677718Z,2024-03-09T14:32:08.854677718Z,2024-03-06T10:00:00Z,79.33333333,humidity,iaq-data,AM103-Sensor_4
2024-03-02T14:32:08.854677718Z,2024-03-09T14:32:08.854677718Z,2024-03-06T10:30:00Z,79.66666667,humidity,iaq-data,AM103-Sensor_4
2024-03-02T14:32:08.854677718Z,2024-03-09T14:32:08.854677718Z,2024-03-07T01:30:00Z,80.5,humidity,iaq-data,AM103-Sensor_4
2024-03-02T14:32:08.854677718Z,2024-03-09T14:32:08.854677718Z,2024-03-07T02:00:00Z,80.75,humidity,iaq-data,AM103-Sensor_4
2024-03-02T14:32:08.854677718Z,2024-03-09T14:32:08.854677718Z,2024-03-07T02:30:00Z,81,humidity,iaq-data,AM103-Sensor_4
2024-03-02T14:32:08.854677718Z,2024-03-09T14:32:08.854677718Z,2024-03-07T03:00:00Z,81.5,humidity,iaq-data,AM103-Sensor_4
2024-03-02T14:32:08.854677718Z,2024-03-09T14:32:08.854677718Z,2024-03-07T03:30:00Z,81.33333333,humidity,iaq-data,AM103-Sensor_4
2024-03-02T14:32:08.854677718Z,2024-03-09T14:32:08.854677718Z,2024-03-07T04:00:00Z,81.5,humidity,iaq-data,AM103-Sensor_4
2024-03-02T14:32:08.854677718Z,2024-03-09T14:32:08.854677718Z,2024-03-07T04:30:00Z,81,humidity,iaq-data,AM103-Sensor_4
2024-03-02T14:32:08.854677718Z,2024-03-09T14:32:08.854677718Z,2024-03-07T05:00:00Z,79.83333333,humidity,iaq-data,AM103-Sensor_4
2024-03-02T14:32:08.854677718Z,2024-03-09T14:32:08.854677718Z,2024-03-07T05:30:00Z,79.83333333,humidity,iaq-data,AM103-Sensor_4
2024-03-02T14:32:08.854677718Z,2024-03-09T14:32:08.854677718Z,2024-03-07T06:00:00Z,78.5,humidity,iaq-data,AM103-Sensor_4
2024-03-02T14:32:08.854677718Z,2024-03-09T14:32:08.854677718Z,2024-03-07T06:30:00Z,79,humidity,iaq-data,AM103-Sensor_4
2024-03-02T14:32:08.854677718Z,2024-03-09T14:32:08.854677718Z,2024-03-07T09:30:00Z,80.5,humidity,iaq-data,AM103-Sensor_4
2024-03-02T14:32:08.854677718Z,2024-03-09T14:32:08.854677718Z,2024-03-07T10:00:00Z,81.5,humidity,iaq-data,AM103-Sensor_4
2024-03-02T14:32:08.854677718Z,2024-03-09T14:32:08.854677718Z,2024-03-08T04:30:00Z,79.25,humidity,iaq-data,AM103-Sensor_4
2024-03-02T14:32:08.854677718Z,2024-03-09T14:32:08.854677718Z,2024-03-08T05:00:00Z,79.5,humidity,iaq-data,AM103-Sensor_4
2024-03-02T14:32:08.854677718Z,2024-03-09T14:32:08.854677718Z,2024-03-08T05:30:00Z,81,humidity,iaq-data,AM103-Sensor_4
2024-03-02T14:32:08.854677718Z,2024-03-09T14:32:08.854677718Z,2024-03-08T06:00:00Z,80,humidity,iaq-data,AM103-Sensor_4
2024-03-02T14:32:08.854677718Z,2024-03-09T14:32:08.854677718Z,2024-03-08T06:30:00Z,80.16666667,humidity,iaq-data,AM103-Sensor_4
2024-03-02T14:32:08.854677718Z,2024-03-09T14:32:08.854677718Z,2024-03-08T07:00:00Z,79.83333333,humidity,iaq-data,AM103-Sensor_4
2024-03-02T14:32:08.854677718Z,2024-03-09T14:32:08.854677718Z,2024-03-08T07:30:00Z,79.66666667,humidity,iaq-data,AM103-Sensor_4
2024-03-02T14:32:08.854677718Z,2024-03-09T14:32:08.854677718Z,2024-03-08T08:00:00Z,80,humidity,iaq-data,AM103-Sensor_4
2024-03-02T14:32:08.854677718Z,2024-03-09T14:32:08.854677718Z,2024-03-08T08:30:00Z,81.5,humidity,iaq-data,AM103-Sensor_4
2024-03-02T14:32:08.854677718Z,2024-03-09T14:32:08.854677718Z,2024-03-08T09:00:00Z,80.5,humidity,iaq-data,AM103-Sensor_4
2024-03-02T14:32:08.854677718Z,2024-03-09T14:32:08.854677718Z,2024-03-08T09:30:00Z,81.75,humidity,iaq-data,AM103-Sensor_4
2024-03-02T14:32:08.854677718Z,2024-03-09T14:32:08.854677718Z,2024-03-08T10:00:00Z,81.25,humidity,iaq-data,AM103-Sensor_4
2024-03-02T14:32:08.854677718Z,2024-03-09T14:32:08.854677718Z,2024-03-09T14:30:00Z,81,humidity,iaq-data,AM103-Sensor_4
2024-03-02T14:32:08.854677718Z,2024-03-09T14:32:08.854677718Z,2024-03-05T08:00:00Z,23,temperature,iaq-data,AM103-Sensor_4
2024-03-02T14:32:08.854677718Z,2024-03-09T14:32:08.854677718Z,2024-03-05T14:30:00Z,22.9,temperature,iaq-data,AM103-Sensor_4
2024-03-02T14:32:08.854677718Z,2024-03-09T14:32:08.854677718Z,2024-03-05T15:00:00Z,23.16666667,temperature,iaq-data,AM103-Sensor_4
2024-03-02T14:32:08.854677718Z,2024-03-09T14:32:08.854677718Z,2024-03-05T15:30:00Z,23,temperature,iaq-data,AM103-Sensor_4
2024-03-02T14:32:08.854677718Z,2024-03-09T14:32:08.854677718Z,2024-03-06T02:00:00Z,22.95,temperature,iaq-data,AM103-Sensor_4
2024-03-02T14:32:08.854677718Z,2024-03-09T14:32:08.854677718Z,2024-03-06T02:30:00Z,23,temperature,iaq-data,AM103-Sensor_4
2024-03-02T14:32:08.854677718Z,2024-03-09T14:32:08.854677718Z,2024-03-06T05:00:00Z,23.9,temperature,iaq-data,AM103-Sensor_4
2024-03-02T14:32:08.854677718Z,2024-03-09T14:32:08.854677718Z,2024-03-06T05:30:00Z,24,temperature,iaq-data,AM103-Sensor_4
2024-03-02T14:32:08.854677718Z,2024-03-09T14:32:08.854677718Z,2024-03-06T06:00:00Z,23.83333333,temperature,iaq-data,AM103-Sensor_4
2024-03-02T14:32:08.854677718Z,2024-03-09T14:32:08.854677718Z,2024-03-06T06:30:00Z,23.76666667,temperature,iaq-data,AM103-Sensor_4
2024-03-02T14:32:08.854677718Z,2024-03-09T14:32:08.854677718Z,2024-03-06T07:30:00Z,23.7,temperature,iaq-data,AM103-Sensor_4
2024-03-02T14:32:08.854677718Z,2024-03-09T14:32:08.854677718Z,2024-03-06T08:00:00Z,23.56666667,temperature,iaq-data,AM103-Sensor_4
2024-03-02T14:32:08.854677718Z,2024-03-09T14:32:08.854677718Z,2024-03-06T08:30:00Z,23.73333333,temperature,iaq-data,AM103-Sensor_4
2024-03-02T14:32:08.854677718Z,2024-03-09T14:32:08.854677718Z,2024-03-06T09:00:00Z,23.6,temperature,iaq-data,AM103-Sensor_4
2024-03-02T14:32:08.854677718Z,2024-03-09T14:32:08.854677718Z,2024-03-06T09:30:00Z,23.5,temperature,iaq-data,AM103-Sensor_4
2024-03-02T14:32:08.854677718Z,2024-03-09T14:32:08.854677718Z,2024-03-06T10:00:00Z,23.66666667,temperature,iaq-data,AM103-Sensor_4
2024-03-02T14:32:08.854677718Z,2024-03-09T14:32:08.854677718Z,2024-03-06T10:30:00Z,23.53333333,temperature,iaq-data,AM103-Sensor_4
2024-03-02T14:32:08.854677718Z,2024-03-09T14:32:08.854677718Z,2024-03-07T01:30:00Z,23.06666667,temperature,iaq-data,AM103-Sensor_4
2024-03-02T14:32:08.854677718Z,2024-03-09T14:32:08.854677718Z,2024-03-07T02:00:00Z,23.1,temperature,iaq-data,AM103-Sensor_4
2024-03-02T14:32:08.854677718Z,2024-03-09T14:32:08.854677718Z,2024-03-07T02:30:00Z,23.16666667,temperature,iaq-data,AM103-Sensor_4
2024-03-02T14:32:08.854677718Z,2024-03-09T14:32:08.854677718Z,2024-03-07T03:00:00Z,23.16666667,temperature,iaq-data,AM103-Sensor_4
2024-03-02T14:32:08.854677718Z,2024-03-09T14:32:08.854677718Z,2024-03-07T03:30:00Z,23.1,temperature,iaq-data,AM103-Sensor_4
2024-03-02T14:32:08.854677718Z,2024-03-09T14:32:08.854677718Z,2024-03-07T04:00:00Z,23.2,temperature,iaq-data,AM103-Sensor_4
2024-03-02T14:32:08.854677718Z,2024-03-09T14:32:08.854677718Z,2024-03-07T04:30:00Z,23.1,temperature,iaq-data,AM103-Sensor_4
2024-03-02T14:32:08.854677718Z,2024-03-09T14:32:08.854677718Z,2024-03-07T05:00:00Z,23.1,temperature,iaq-data,AM103-Sensor_4
2024-03-02T14:32:08.854677718Z,2024-03-09T14:32:08.854677718Z,2024-03-07T05:30:00Z,23.06666667,temperature,iaq-data,AM103-Sensor_4
2024-03-02T14:32:08.854677718Z,2024-03-09T14:32:08.854677718Z,2024-03-07T06:00:00Z,22.96666667,temperature,iaq-data,AM103-Sensor_4
2024-03-02T14:32:08.854677718Z,2024-03-09T14:32:08.854677718Z,2024-03-07T06:30:00Z,22.95,temperature,iaq-data,AM103-Sensor_4
2024-03-02T14:32:08.854677718Z,2024-03-09T14:32:08.854677718Z,2024-03-07T09:30:00Z,23,temperature,iaq-data,AM103-Sensor_4
2024-03-02T14:32:08.854677718Z,2024-03-09T14:32:08.854677718Z,2024-03-07T10:00:00Z,22.95,temperature,iaq-data,AM103-Sensor_4
2024-03-02T14:32:08.854677718Z,2024-03-09T14:32:08.854677718Z,2024-03-08T04:30:00Z,23.1,temperature,iaq-data,AM103-Sensor_4
2024-03-02T14:32:08.854677718Z,2024-03-09T14:32:08.854677718Z,2024-03-08T05:00:00Z,23.06666667,temperature,iaq-data,AM103-Sensor_4
2024-03-02T14:32:08.854677718Z,2024-03-09T14:32:08.854677718Z,2024-03-08T05:30:00Z,23.1,temperature,iaq-data,AM103-Sensor_4
2024-03-02T14:32:08.854677718Z,2024-03-09T14:32:08.854677718Z,2024-03-08T06:00:00Z,23.1,temperature,iaq-data,AM103-Sensor_4
2024-03-02T14:32:08.854677718Z,2024-03-09T14:32:08.854677718Z,2024-03-08T06:30:00Z,23.06666667,temperature,iaq-data,AM103-Sensor_4
2024-03-02T14:32:08.854677718Z,2024-03-09T14:32:08.854677718Z,2024-03-08T07:00:00Z,23.03333333,temperature,iaq-data,AM103-Sensor_4
2024-03-02T14:32:08.854677718Z,2024-03-09T14:32:08.854677718Z,2024-03-08T07:30:00Z,23.1,temperature,iaq-data,AM103-Sensor_4
2024-03-02T14:32:08.854677718Z,2024-03-09T14:32:08.854677718Z,2024-03-08T08:00:00Z,22.96666667,temperature,iaq-data,AM103-Sensor_4
2024-03-02T14:32:08.854677718Z,2024-03-09T14:32:08.854677718Z,2024-03-08T08:30:00Z,23.06666667,temperature,iaq-data,AM103-Sensor_4
2024-03-02T14:32:08.854677718Z,2024-03-09T14:32:08.854677718Z,2024-03-08T09:00:00Z,23.06666667,temperature,iaq-data,AM103-Sensor_4
2024-03-02T14:32:08.854677718Z,2024-03-09T14:32:08.854677718Z,2024-03-08T09:30:00Z,23.1,temperature,iaq-data,AM103-Sensor_4
2024-03-02T14:32:08.854677718Z,2024-03-09T14:32:08.854677718Z,2024-03-08T10:00:00Z,23.05,temperature,iaq-data,AM103-Sensor_4
2024-03-02T14:32:08.854677718Z,2024-03-09T14:32:08.854677718Z,2024-03-09T14:30:00Z,23.6,temperature,iaq-data,AM103-Sensor_4
2024-03-02T14:32:08.854677718Z,2024-03-09T14:32:08.854677718Z,2024-03-05T08:00:00Z,1196,carbon dioxide,iaq-data,AM103L-Sensor_5
2024-03-02T14:32:08.854677718Z,2024-03-09T14:32:08.854677718Z,2024-03-05T08:30:00Z,1208,carbon dioxide,iaq-data,AM103L-Sensor_5
2024-03-02T14:32:08.854677718Z,2024-03-09T14:32:08.854677718Z,2024-03-05T14:30:00Z,1033,carbon dioxide,iaq-data,AM103L-Sensor_5
2024-03-02T14:32:08.854677718Z,2024-03-09T14:32:08.854677718Z,2024-03-05T15:00:00Z,1030.333333,carbon dioxide,iaq-data,AM103L-Sensor_5
2024-03-02T14:32:08.854677718Z,2024-03-09T14:32:08.854677718Z,2024-03-05T15:30:00Z,1014.5,carbon dioxide,iaq-data,AM103L-Sensor_5
2024-03-02T14:32:08.854677718Z,2024-03-09T14:32:08.854677718Z,2024-03-06T02:00:00Z,1003,carbon dioxide,iaq-data,AM103L-Sensor_5
2024-03-02T14:32:08.854677718Z,2024-03-09T14:32:08.854677718Z,2024-03-06T02:30:00Z,1020,carbon dioxide,iaq-data,AM103L-Sensor_5
2024-03-02T14:32:08.854677718Z,2024-03-09T14:32:08.854677718Z,2024-03-06T05:00:00Z,1695,carbon dioxide,iaq-data,AM103L-Sensor_5
2024-03-02T14:32:08.854677718Z,2024-03-09T14:32:08.854677718Z,2024-03-06T05:30:00Z,1721,carbon dioxide,iaq-data,AM103L-Sensor_5
2024-03-02T14:32:08.854677718Z,2024-03-09T14:32:08.854677718Z,2024-03-06T06:00:00Z,1569.666667,carbon dioxide,iaq-data,AM103L-Sensor_5
2024-03-02T14:32:08.854677718Z,2024-03-09T14:32:08.854677718Z,2024-03-06T06:30:00Z,1452.5,carbon dioxide,iaq-data,AM103L-Sensor_5
2024-03-02T14:32:08.854677718Z,2024-03-09T14:32:08.854677718Z,2024-03-06T07:30:00Z,1359,carbon dioxide,iaq-data,AM103L-Sensor_5
2024-03-02T14:32:08.854677718Z,2024-03-09T14:32:08.854677718Z,2024-03-06T08:00:00Z,1317,carbon dioxide,iaq-data,AM103L-Sensor_5
2024-03-02T14:32:08.854677718Z,2024-03-09T14:32:08.854677718Z,2024-03-06T08:30:00Z,1278,carbon dioxide,iaq-data,AM103L-Sensor_5
2024-03-02T14:32:08.854677718Z,2024-03-09T14:32:08.854677718Z,2024-03-06T09:00:00Z,1274,carbon dioxide,iaq-data,AM103L-Sensor_5
2024-03-02T14:32:08.854677718Z,2024-03-09T14:32:08.854677718Z,2024-03-06T09:30:00Z,1262.666667,carbon dioxide,iaq-data,AM103L-Sensor_5
2024-03-02T14:32:08.854677718Z,2024-03-09T14:32:08.854677718Z,2024-03-06T10:00:00Z,1248.333333,carbon dioxide,iaq-data,AM103L-Sensor_5
2024-03-02T14:32:08.854677718Z,2024-03-09T14:32:08.854677718Z,2024-03-06T10:30:00Z,1238,carbon dioxide,iaq-data,AM103L-Sensor_5
2024-03-02T14:32:08.854677718Z,2024-03-09T14:32:08.854677718Z,2024-03-06T11:00:00Z,1253,carbon dioxide,iaq-data,AM103L-Sensor_5
2024-03-02T14:32:08.854677718Z,2024-03-09T14:32:08.854677718Z,2024-03-07T01:30:00Z,1006,carbon dioxide,iaq-data,AM103L-Sensor_5
2024-03-02T14:32:08.854677718Z,2024-03-09T14:32:08.854677718Z,2024-03-07T02:00:00Z,991.3333333,carbon dioxide,iaq-data,AM103L-Sensor_5
2024-03-02T14:32:08.854677718Z,2024-03-09T14:32:08.854677718Z,2024-03-07T02:30:00Z,992.6666667,carbon dioxide,iaq-data,AM103L-Sensor_5
2024-03-02T14:32:08.854677718Z,2024-03-09T14:32:08.854677718Z,2024-03-07T03:00:00Z,1043.666667,carbon dioxide,iaq-data,AM103L-Sensor_5
2024-03-02T14:32:08.854677718Z,2024-03-09T14:32:08.854677718Z,2024-03-07T03:30:00Z,1100.666667,carbon dioxide,iaq-data,AM103L-Sensor_5
2024-03-02T14:32:08.854677718Z,2024-03-09T14:32:08.854677718Z,2024-03-07T04:00:00Z,1161.666667,carbon dioxide,iaq-data,AM103L-Sensor_5
2024-03-02T14:32:08.854677718Z,2024-03-09T14:32:08.854677718Z,2024-03-07T04:30:00Z,1217.333333,carbon dioxide,iaq-data,AM103L-Sensor_5
2024-03-02T14:32:08.854677718Z,2024-03-09T14:32:08.854677718Z,2024-03-07T05:00:00Z,1221,carbon dioxide,iaq-data,AM103L-Sensor_5
2024-03-02T14:32:08.854677718Z,2024-03-09T14:32:08.854677718Z,2024-03-07T05:30:00Z,1245.333333,carbon dioxide,iaq-data,AM103L-Sensor_5
2024-03-02T14:32:08.854677718Z,2024-03-09T14:32:08.854677718Z,2024-03-07T06:00:00Z,1256.666667,carbon dioxide,iaq-data,AM103L-Sensor_5
2024-03-02T14:32:08.854677718Z,2024-03-09T14:32:08.854677718Z,2024-03-07T06:30:00Z,1273,carbon dioxide,iaq-data,AM103L-Sensor_5
2024-03-02T14:32:08.854677718Z,2024-03-09T14:32:08.854677718Z,2024-03-07T09:30:00Z,1159,carbon dioxide,iaq-data,AM103L-Sensor_5
2024-03-02T14:32:08.854677718Z,2024-03-09T14:32:08.854677718Z,2024-03-07T10:00:00Z,1158.666667,carbon dioxide,iaq-data,AM103L-Sensor_5
2024-03-02T14:32:08.854677718Z,2024-03-09T14:32:08.854677718Z,2024-03-07T10:30:00Z,1184,carbon dioxide,iaq-data,AM103L-Sensor_5
2024-03-02T14:32:08.854677718Z,2024-03-09T14:32:08.854677718Z,2024-03-08T04:30:00Z,1327,carbon dioxide,iaq-data,AM103L-Sensor_5
2024-03-02T14:32:08.854677718Z,2024-03-09T14:32:08.854677718Z,2024-03-08T05:00:00Z,1332.666667,carbon dioxide,iaq-data,AM103L-Sensor_5
2024-03-02T14:32:08.854677718Z,2024-03-09T14:32:08.854677718Z,2024-03-08T05:30:00Z,1303,carbon dioxide,iaq-data,AM103L-Sensor_5
2024-03-02T14:32:08.854677718Z,2024-03-09T14:32:08.854677718Z,2024-03-08T06:00:00Z,1252.333333,carbon dioxide,iaq-data,AM103L-Sensor_5
2024-03-02T14:32:08.854677718Z,2024-03-09T14:32:08.854677718Z,2024-03-08T06:30:00Z,1198.666667,carbon dioxide,iaq-data,AM103L-Sensor_5
2024-03-02T14:32:08.854677718Z,2024-03-09T14:32:08.854677718Z,2024-03-08T07:00:00Z,1162.666667,carbon dioxide,iaq-data,AM103L-Sensor_5
2024-03-02T14:32:08.854677718Z,2024-03-09T14:32:08.854677718Z,2024-03-08T07:30:00Z,1147.666667,carbon dioxide,iaq-data,AM103L-Sensor_5
2024-03-02T14:32:08.854677718Z,2024-03-09T14:32:08.854677718Z,2024-03-08T08:00:00Z,1155.333333,carbon dioxide,iaq-data,AM103L-Sensor_5
2024-03-02T14:32:08.854677718Z,2024-03-09T14:32:08.854677718Z,2024-03-08T08:30:00Z,1155.666667,carbon dioxide,iaq-data,AM103L-Sensor_5
2024-03-02T14:32:08.854677718Z,2024-03-09T14:32:08.854677718Z,2024-03-08T09:00:00Z,1142.333333,carbon dioxide,iaq-data,AM103L-Sensor_5
2024-03-02T14:32:08.854677718Z,2024-03-09T14:32:08.854677718Z,2024-03-08T09:30:00Z,1151.5,carbon dioxide,iaq-data,AM103L-Sensor_5
2024-03-02T14:32:08.854677718Z,2024-03-09T14:32:08.854677718Z,2024-03-08T10:00:00Z,1130,carbon dioxide,iaq-data,AM103L-Sensor_5
2024-03-02T14:32:08.854677718Z,2024-03-09T14:32:08.854677718Z,2024-03-09T14:30:00Z,852,carbon dioxide,iaq-data,AM103L-Sensor_5
2024-03-02T14:32:08.854677718Z,2024-03-09T14:32:08.854677718Z,2024-03-09T14:32:08.854677718Z,839,carbon dioxide,iaq-data,AM103L-Sensor_5
2024-03-02T14:32:08.854677718Z,2024-03-09T14:32:08.854677718Z,2024-03-05T08:00:00Z,79,humidity,iaq-data,AM103L-Sensor_5
2024-03-02T14:32:08.854677718Z,2024-03-09T14:32:08.854677718Z,2024-03-05T08:30:00Z,81.5,humidity,iaq-data,AM103L-Sensor_5
2024-03-02T14:32:08.854677718Z,2024-03-09T14:32:08.854677718Z,2024-03-05T14:30:00Z,82.5,humidity,iaq-data,AM103L-Sensor_5
2024-03-02T14:32:08.854677718Z,2024-03-09T14:32:08.854677718Z,2024-03-05T15:00:00Z,81.66666667,humidity,iaq-data,AM103L-Sensor_5
2024-03-02T14:32:08.854677718Z,2024-03-09T14:32:08.854677718Z,2024-03-05T15:30:00Z,80.75,humidity,iaq-data,AM103L-Sensor_5
2024-03-02T14:32:08.854677718Z,2024-03-09T14:32:08.854677718Z,2024-03-06T02:00:00Z,81.5,humidity,iaq-data,AM103L-Sensor_5
2024-03-02T14:32:08.854677718Z,2024-03-09T14:32:08.854677718Z,2024-03-06T02:30:00Z,82.66666667,humidity,iaq-data,AM103L-Sensor_5
2024-03-02T14:32:08.854677718Z,2024-03-09T14:32:08.854677718Z,2024-03-06T05:00:00Z,79,humidity,iaq-data,AM103L-Sensor_5
2024-03-02T14:32:08.854677718Z,2024-03-09T14:32:08.854677718Z,2024-03-06T05:30:00Z,77.83333333,humidity,iaq-data,AM103L-Sensor_5
2024-03-02T14:32:08.854677718Z,2024-03-09T14:32:08.854677718Z,2024-03-06T06:00:00Z,78.83333333,humidity,iaq-data,AM103L-Sensor_5
2024-03-02T14:32:08.854677718Z,2024-03-09T14:32:08.854677718Z,2024-03-06T06:30:00Z,78,humidity,iaq-data,AM103L-Sensor_5
2024-03-02T14:32:08.854677718Z,2024-03-09T14:32:08.854677718Z,2024-03-06T07:30:00Z,79.5,humidity,iaq-data,AM103L-Sensor_5
2024-03-02T14:32:08.854677718Z,2024-03-09T14:32:08.854677718Z,2024-03-06T08:00:00Z,78.5,humidity,iaq-data,AM103L-Sensor_5
2024-03-02T14:32:08.854677718Z,2024-03-09T14:32:08.854677718Z,2024-03-06T08:30:00Z,79.5,humidity,iaq-data,AM103L-Sensor_5
2024-03-02T14:32:08.854677718Z,2024-03-09T14:32:08.854677718Z,2024-03-06T09:00:00Z,79.66666667,humidity,iaq-data,AM103L-Sensor_5
2024-03-02T14:32:08.854677718Z,2024-03-09T14:32:08.854677718Z,2024-03-06T09:30:00Z,78.66666667,humidity,iaq-data,AM103L-Sensor_5
2024-03-02T14:32:08.854677718Z,2024-03-09T14:32:08.854677718Z,2024-03-06T10:00:00Z,79.33333333,humidity,iaq-data,AM103L-Sensor_5
2024-03-02T14:32:08.854677718Z,2024-03-09T14:32:08.854677718Z,2024-03-06T10:30:00Z,78.16666667,humidity,iaq-data,AM103L-Sensor_5
2024-03-02T14:32:08.854677718Z,2024-03-09T14:32:08.854677718Z,2024-03-06T11:00:00Z,80.5,humidity,iaq-data,AM103L-Sensor_5
2024-03-02T14:32:08.854677718Z,2024-03-09T14:32:08.854677718Z,2024-03-07T01:30:00Z,80.5,humidity,iaq-data,AM103L-Sensor_5
2024-03-02T14:32:08.854677718Z,2024-03-09T14:32:08.854677718Z,2024-03-07T02:00:00Z,82.16666667,humidity,iaq-data,AM103L-Sensor_5
2024-03-02T14:32:08.854677718Z,2024-03-09T14:32:08.854677718Z,2024-03-07T02:30:00Z,81,humidity,iaq-data,AM103L-Sensor_5
2024-03-02T14:32:08.854677718Z,2024-03-09T14:32:08.854677718Z,2024-03-07T03:00:00Z,81.5,humidity,iaq-data,AM103L-Sensor_5
2024-03-02T14:32:08.854677718Z,2024-03-09T14:32:08.854677718Z,2024-03-07T03:30:00Z,80.5,humidity,iaq-data,AM103L-Sensor_5
2024-03-02T14:32:08.854677718Z,2024-03-09T14:32:08.854677718Z,2024-03-07T04:00:00Z,81.16666667,humidity,iaq-data,AM103L-Sensor_5
2024-03-02T14:32:08.854677718Z,2024-03-09T14:32:08.854677718Z,2024-03-07T04:30:00Z,80.33333333,humidity,iaq-data,AM103L-Sensor_5
2024-03-02T14:32:08.854677718Z,2024-03-09T14:32:08.854677718Z,2024-03-07T05:00:00Z,80.83333333,humidity,iaq-data,AM103L-Sensor_5
2024-03-02T14:32:08.854677718Z,2024-03-09T14:32:08.854677718Z,2024-03-07T05:30:00Z,79.33333333,humidity,iaq-data,AM103L-Sensor_5
2024-03-02T14:32:08.854677718Z,2024-03-09T14:32:08.854677718Z,2024-03-07T06:00:00Z,80,humidity,iaq-data,AM103L-Sensor_5
2024-03-02T14:32:08.854677718Z,2024-03-09T14:32:08.854677718Z,2024-03-07T06:30:00Z,78.5,humidity,iaq-data,AM103L-Sensor_5
2024-03-02T14:32:08.854677718Z,2024-03-09T14:32:08.854677718Z,2024-03-07T09:30:00Z,81.75,humidity,iaq-data,AM103L-Sensor_5
2024-03-02T14:32:08.854677718Z,2024-03-09T14:32:08.854677718Z,2024-03-07T10:00:00Z,81.83333333,humidity,iaq-data,AM103L-Sensor_5
2024-03-02T14:32:08.854677718Z,2024-03-09T14:32:08.854677718Z,2024-03-07T10:30:00Z,83,humidity,iaq-data,AM103L-Sensor_5
2024-03-02T14:32:08.854677718Z,2024-03-09T14:32:08.854677718Z,2024-03-08T04:30:00Z,80.5,humidity,iaq-data,AM103L-Sensor_5
2024-03-02T14:32:08.854677718Z,2024-03-09T14:32:08.854677718Z,2024-03-08T05:00:00Z,81.33333333,humidity,iaq-data,AM103L-Sensor_5
2024-03-02T14:32:08.854677718Z,2024-03-09T14:32:08.854677718Z,2024-03-08T05:30:00Z,80,humidity,iaq-data,AM103L-Sensor_5
2024-03-02T14:32:08.854677718Z,2024-03-09T14:32:08.854677718Z,2024-03-08T06:00:00Z,80.16666667,humidity,iaq-data,AM103L-Sensor_5
2024-03-02T14:32:08.854677718Z,2024-03-09T14:32:08.854677718Z,2024-03-08T06:30:00Z,80,humidity,iaq-data,AM103L-Sensor_5
2024-03-02T14:32:08.854677718Z,2024-03-09T14:32:08.854677718Z,2024-03-08T07:00:00Z,79.5,humidity,iaq-data,AM103L-Sensor_5
2024-03-02T14:32:08.854677718Z,2024-03-09T14:32:08.854677718Z,2024-03-08T07:30:00Z,80.33333333,humidity,iaq-data,AM103L-Sensor_5
2024-03-02T14:32:08.854677718Z,2024-03-09T14:32:08.854677718Z,2024-03-08T08:00:00Z,80,humidity,iaq-data,AM103L-Sensor_5
2024-03-02T14:32:08.854677718Z,2024-03-09T14:32:08.854677718Z,2024-03-08T08:30:00Z,81.83333333,humidity,iaq-data,AM103L-Sensor_5
2024-03-02T14:32:08.854677718Z,2024-03-09T14:32:08.854677718Z,2024-03-08T09:00:00Z,82,humidity,iaq-data,AM103L-Sensor_5
2024-03-02T14:32:08.854677718Z,2024-03-09T14:32:08.854677718Z,2024-03-08T09:30:00Z,80,humidity,iaq-data,AM103L-Sensor_5
2024-03-02T14:32:08.854677718Z,2024-03-09T14:32:08.854677718Z,2024-03-08T10:00:00Z,82.5,humidity,iaq-data,AM103L-Sensor_5
2024-03-02T14:32:08.854677718Z,2024-03-09T14:32:08.854677718Z,2024-03-09T14:30:00Z,81.5,humidity,iaq-data,AM103L-Sensor_5
2024-03-02T14:32:08.854677718Z,2024-03-09T14:32:08.854677718Z,2024-03-09T14:32:08.854677718Z,81,humidity,iaq-data,AM103L-Sensor_5
2024-03-02T14:32:08.854677718Z,2024-03-09T14:32:08.854677718Z,2024-03-05T08:00:00Z,23,temperature,iaq-data,AM103L-Sensor_5
2024-03-02T14:32:08.854677718Z,2024-03-09T14:32:08.854677718Z,2024-03-05T08:30:00Z,23,temperature,iaq-data,AM103L-Sensor_5
2024-03-02T14:32:08.854677718Z,2024-03-09T14:32:08.854677718Z,2024-03-05T14:30:00Z,22.9,temperature,iaq-data,AM103L-Sensor_5
2024-03-02T14:32:08.854677718Z,2024-03-09T14:32:08.854677718Z,2024-03-05T15:00:00Z,23.03333333,temperature,iaq-data,AM103L-Sensor_5
2024-03-02T14:32:08.854677718Z,2024-03-09T14:32:08.854677718Z,2024-03-05T15:30:00Z,23,temperature,iaq-data,AM103L-Sensor_5
2024-03-02T14:32:08.854677718Z,2024-03-09T14:32:08.854677718Z,2024-03-06T02:00:00Z,23,temperature,iaq-data,AM103L-Sensor_5
2024-03-02T14:32:08.854677718Z,2024-03-09T14:32:08.854677718Z,2024-03-06T02:30:00Z,22.9,temperature,iaq-data,AM103L-Sensor_5
2024-03-02T14:32:08.854677718Z,2024-03-09T14:32:08.854677718Z,2024-03-06T05:00:00Z,24,temperature,iaq-data,AM103L-Sensor_5
2024-03-02T14:32:08.854677718Z,2024-03-09T14:32:08.854677718Z,2024-03-06T05:30:00Z,24.03333333,temperature,iaq-data,AM103L-Sensor_5
2024-03-02T14:32:08.854677718Z,2024-03-09T14:32:08.854677718Z,2024-03-06T06:00:00Z,23.86666667,temperature,iaq-data,AM103L-Sensor_5
2024-03-02T14:32:08.854677718Z,2024-03-09T14:32:08.854677718Z,2024-03-06T06:30:00Z,23.8,temperature,iaq-data,AM103L-Sensor_5
2024-03-02T14:32:08.854677718Z,2024-03-09T14:32:08.854677718Z,2024-03-06T07:30:00Z,23.6,temperature,iaq-data,AM103L-Sensor_5
2024-03-02T14:32:08.854677718Z,2024-03-09T14:32:08.854677718Z,2024-03-06T08:00:00Z,23.6,temperature,iaq-data,AM103L-Sensor_5
2024-03-02T14:32:08.854677718Z,2024-03-09T14:32:08.854677718Z,2024-03-06T08:30:00Z,23.6,temperature,iaq-data,AM103L-Sensor_5
2024-03-02T14:32:08.854677718Z,2024-03-09T14:32:08.854677718Z,2024-03-06T09:00:00Z,23.76666667,temperature,iaq-data,AM103L-Sensor_5
2024-03-02T14:32:08.854677718Z,2024-03-09T14:32:08.854677718Z,2024-03-06T09:30:00Z,23.5,temperature,iaq-data,AM103L-Sensor_5
2024-03-02T14:32:08.854677718Z,2024-03-09T14:32:08.854677718Z,2024-03-06T10:00:00Z,23.53333333,temperature,iaq-data,AM103L-Sensor_5
2024-03-02T14:32:08.854677718Z,2024-03-09T14:32:08.854677718Z,2024-03-06T10:30:00Z,23.5,temperature,iaq-data,AM103L-Sensor_5
2024-03-02T14:32:08.854677718Z,2024-03-09T14:32:08.854677718Z,2024-03-06T11:00:00Z,23.5,temperature,iaq-data,AM103L-Sensor_5
2024-03-02T14:32:08.854677718Z,2024-03-09T14:32:08.854677718Z,2024-03-07T01:30:00Z,22.95,temperature,iaq-data,AM103L-Sensor_5
2024-03-02T14:32:08.854677718Z,2024-03-09T14:32:08.854677718Z,2024-03-07T02:00:00Z,23.1,temperature,iaq-data,AM103L-Sensor_5
2024-03-02T14:32:08.854677718Z,2024-03-09T14:32:08.854677718Z,2024-03-07T02:30:00Z,23.13333333,temperature,iaq-data,AM103L-Sensor_5
2024-03-02T14:32:08.854677718Z,2024-03-09T14:32:08.854677718Z,2024-03-07T03:00:00Z,23.1,temperature,iaq-data,AM103L-Sensor_5
2024-03-02T14:32:08.854677718Z,2024-03-09T14:32:08.854677718Z,2024-03-07T03:30:00Z,23.06666667,temperature,iaq-data,AM103L-Sensor_5
2024-03-02T14:32:08.854677718Z,2024-03-09T14:32:08.854677718Z,2024-03-07T04:00:00Z,23.1,temperature,iaq-data,AM103L-Sensor_5
2024-03-02T14:32:08.854677718Z,2024-03-09T14:32:08.854677718Z,2024-03-07T04:30:00Z,23.1,temperature,iaq-data,AM103L-Sensor_5
2024-03-02T14:32:08.854677718Z,2024-03-09T14:32:08.854677718Z,2024-03-07T05:00:00Z,23.06666667,temperature,iaq-data,AM103L-Sensor_5
2024-03-02T14:32:08.854677718Z,2024-03-09T14:32:08.854677718Z,2024-03-07T05:30:00Z,23.03333333,temperature,iaq-data,AM103L-Sensor_5
2024-03-02T14:32:08.854677718Z,2024-03-09T14:32:08.854677718Z,2024-03-07T06:00:00Z,23,temperature,iaq-data,AM103L-Sensor_5
2024-03-02T14:32:08.854677718Z,2024-03-09T14:32:08.854677718Z,2024-03-07T06:30:00Z,23,temperature,iaq-data,AM103L-Sensor_5
2024-03-02T14:32:08.854677718Z,2024-03-09T14:32:08.854677718Z,2024-03-07T09:30:00Z,23,temperature,iaq-data,AM103L-Sensor_5
2024-03-02T14:32:08.854677718Z,2024-03-09T14:32:08.854677718Z,2024-03-07T10:00:00Z,22.96666667,temperature,iaq-data,AM103L-Sensor_5
2024-03-02T14:32:08.854677718Z,2024-03-09T14:32:08.854677718Z,2024-03-07T10:30:00Z,23,temperature,iaq-data,AM103L-Sensor_5
2024-03-02T14:32:08.854677718Z,2024-03-09T14:32:08.854677718Z,2024-03-08T04:30:00Z,23.15,temperature,iaq-data,AM103L-Sensor_5
2024-03-02T14:32:08.854677718Z,2024-03-09T14:32:08.854677718Z,2024-03-08T05:00:00Z,23.13333333,temperature,iaq-data,AM103L-Sensor_5
2024-03-02T14:32:08.854677718Z,2024-03-09T14:32:08.854677718Z,2024-03-08T05:30:00Z,23,temperature,iaq-data,AM103L-Sensor_5
2024-03-02T14:32:08.854677718Z,2024-03-09T14:32:08.854677718Z,2024-03-08T06:00:00Z,23.06666667,temperature,iaq-data,AM103L-Sensor_5
2024-03-02T14:32:08.854677718Z,2024-03-09T14:32:08.854677718Z,2024-03-08T06:30:00Z,23.03333333,temperature,iaq-data,AM103L-Sensor_5
2024-03-02T14:32:08.854677718Z,2024-03-09T14:32:08.854677718Z,2024-03-08T07:00:00Z,23,temperature,iaq-data,AM103L-Sensor_5
2024-03-02T14:32:08.854677718Z,2024-03-09T14:32:08.854677718Z,2024-03-08T07:30:00Z,22.96666667,temperature,iaq-data,AM103L-Sensor_5
2024-03-02T14:32:08.854677718Z,2024-03-09T14:32:08.854677718Z,2024-03-08T08:00:00Z,22.93333333,temperature,iaq-data,AM103L-Sensor_5
2024-03-02T14:32:08.854677718Z,2024-03-09T14:32:08.854677718Z,2024-03-08T08:30:00Z,23.06666667,temperature,iaq-data,AM103L-Sensor_5
2024-03-02T14:32:08.854677718Z,2024-03-09T14:32:08.854677718Z,2024-03-08T09:00:00Z,23.1,temperature,iaq-data,AM103L-Sensor_5
2024-03-02T14:32:08.854677718Z,2024-03-09T14:32:08.854677718Z,2024-03-08T09:30:00Z,23.05,temperature,iaq-data,AM103L-Sensor_5
2024-03-02T14:32:08.854677718Z,2024-03-09T14:32:08.854677718Z,2024-03-08T10:00:00Z,23,temperature,iaq-data,AM103L-Sensor_5
2024-03-02T14:32:08.854677718Z,2024-03-09T14:32:08.854677718Z,2024-03-09T14:30:00Z,23.6,temperature,iaq-data,AM103L-Sensor_5
2024-03-02T14:32:08.854677718Z,2024-03-09T14:32:08.854677718Z,2024-03-09T14:32:08.854677718Z,23.6,temperature,iaq-data,AM103L-Sensor_5
2024-03-02T14:32:08.854677718Z,2024-03-09T14:32:08.854677718Z,2024-03-05T08:00:00Z,859,carbon dioxide,iaq-data,AM307-Sensor_2
2024-03-02T14:32:08.854677718Z,2024-03-09T14:32:08.854677718Z,2024-03-05T14:30:00Z,758.5,carbon dioxide,iaq-data,AM307-Sensor_2
2024-03-02T14:32:08.854677718Z,2024-03-09T14:32:08.854677718Z,2024-03-05T15:00:00Z,774.3333333,carbon dioxide,iaq-data,AM307-Sensor_2
2024-03-02T14:32:08.854677718Z,2024-03-09T14:32:08.854677718Z,2024-03-06T02:00:00Z,696,carbon dioxide,iaq-data,AM307-Sensor_2
2024-03-02T14:32:08.854677718Z,2024-03-09T14:32:08.854677718Z,2024-03-06T02:30:00Z,725,carbon dioxide,iaq-data,AM307-Sensor_2
2024-03-02T14:32:08.854677718Z,2024-03-09T14:32:08.854677718Z,2024-03-06T05:00:00Z,1293,carbon dioxide,iaq-data,AM307-Sensor_2
2024-03-02T14:32:08.854677718Z,2024-03-09T14:32:08.854677718Z,2024-03-06T05:30:00Z,1302.666667,carbon dioxide,iaq-data,AM307-Sensor_2
2024-03-02T14:32:08.854677718Z,2024-03-09T14:32:08.854677718Z,2024-03-06T06:00:00Z,1183,carbon dioxide,iaq-data,AM307-Sensor_2
2024-03-02T14:32:08.854677718Z,2024-03-09T14:32:08.854677718Z,2024-03-06T06:30:00Z,1110.333333,carbon dioxide,iaq-data,AM307-Sensor_2
2024-03-02T14:32:08.854677718Z,2024-03-09T14:32:08.854677718Z,2024-03-06T07:30:00Z,981,carbon dioxide,iaq-data,AM307-Sensor_2
2024-03-02T14:32:08.854677718Z,2024-03-09T14:32:08.854677718Z,2024-03-06T08:00:00Z,949,carbon dioxide,iaq-data,AM307-Sensor_2
2024-03-02T14:32:08.854677718Z,2024-03-09T14:32:08.854677718Z,2024-03-06T08:30:00Z,945.6666667,carbon dioxide,iaq-data,AM307-Sensor_2
2024-03-02T14:32:08.854677718Z,2024-03-09T14:32:08.854677718Z,2024-03-06T09:00:00Z,939.6666667,carbon dioxide,iaq-data,AM307-Sensor_2
2024-03-02T14:32:08.854677718Z,2024-03-09T14:32:08.854677718Z,2024-03-06T09:30:00Z,917.3333333,carbon dioxide,iaq-data,AM307-Sensor_2
2024-03-02T14:32:08.854677718Z,2024-03-09T14:32:08.854677718Z,2024-03-06T10:00:00Z,894.3333333,carbon dioxide,iaq-data,AM307-Sensor_2
2024-03-02T14:32:08.854677718Z,2024-03-09T14:32:08.854677718Z,2024-03-06T10:30:00Z,883.6666667,carbon dioxide,iaq-data,AM307-Sensor_2
2024-03-02T14:32:08.854677718Z,2024-03-09T14:32:08.854677718Z,2024-03-07T01:30:00Z,681.3333333,carbon dioxide,iaq-data,AM307-Sensor_2
2024-03-02T14:32:08.854677718Z,2024-03-09T14:32:08.854677718Z,2024-03-07T02:00:00Z,716,carbon dioxide,iaq-data,AM307-Sensor_2
2024-03-02T14:32:08.854677718Z,2024-03-09T14:32:08.854677718Z,2024-03-07T02:30:00Z,726,carbon dioxide,iaq-data,AM307-Sensor_2
2024-03-02T14:32:08.854677718Z,2024-03-09T14:32:08.854677718Z,2024-03-07T03:00:00Z,774.6666667,carbon dioxide,iaq-data,AM307-Sensor_2
2024-03-02T14:32:08.854677718Z,2024-03-09T14:32:08.854677718Z,2024-03-07T03:30:00Z,783.6666667,carbon dioxide,iaq-data,AM307-Sensor_2
2024-03-02T14:32:08.854677718Z,2024-03-09T14:32:08.854677718Z,2024-03-07T04:00:00Z,835,carbon dioxide,iaq-data,AM307-Sensor_2
2024-03-02T14:32:08.854677718Z,2024-03-09T14:32:08.854677718Z,2024-03-07T04:30:00Z,903.3333333,carbon dioxide,iaq-data,AM307-Sensor_2
2024-03-02T14:32:08.854677718Z,2024-03-09T14:32:08.854677718Z,2024-03-07T05:00:00Z,877.3333333,carbon dioxide,iaq-data,AM307-Sensor_2
2024-03-02T14:32:08.854677718Z,2024-03-09T14:32:08.854677718Z,2024-03-07T05:30:00Z,897,carbon dioxide,iaq-data,AM307-Sensor_2
2024-03-02T14:32:08.854677718Z,2024-03-09T14:32:08.854677718Z,2024-03-07T06:00:00Z,973,carbon dioxide,iaq-data,AM307-Sensor_2
2024-03-02T14:32:08.854677718Z,2024-03-09T14:32:08.854677718Z,2024-03-07T06:30:00Z,931.5,carbon dioxide,iaq-data,AM307-Sensor_2
2024-03-02T14:32:08.854677718Z,2024-03-09T14:32:08.854677718Z,2024-03-07T09:30:00Z,846,carbon dioxide,iaq-data,AM307-Sensor_2
2024-03-02T14:32:08.854677718Z,2024-03-09T14:32:08.854677718Z,2024-03-07T10:00:00Z,890,carbon dioxide,iaq-data,AM307-Sensor_2
2024-03-02T14:32:08.854677718Z,2024-03-09T14:32:08.854677718Z,2024-03-08T04:30:00Z,947,carbon dioxide,iaq-data,AM307-Sensor_2
2024-03-02T14:32:08.854677718Z,2024-03-09T14:32:08.854677718Z,2024-03-08T05:00:00Z,1020.333333,carbon dioxide,iaq-data,AM307-Sensor_2
2024-03-02T14:32:08.854677718Z,2024-03-09T14:32:08.854677718Z,2024-03-08T05:30:00Z,915,carbon dioxide,iaq-data,AM307-Sensor_2
2024-03-02T14:32:08.854677718Z,2024-03-09T14:32:08.854677718Z,2024-03-08T06:00:00Z,908,carbon dioxide,iaq-data,AM307-Sensor_2
2024-03-02T14:32:08.854677718Z,2024-03-09T14:32:08.854677718Z,2024-03-08T06:30:00Z,867.6666667,carbon dioxide,iaq-data,AM307-Sensor_2
2024-03-02T14:32:08.854677718Z,2024-03-09T14:32:08.854677718Z,2024-03-08T07:00:00Z,855.3333333,carbon dioxide,iaq-data,AM307-Sensor_2
2024-03-02T14:32:08.854677718Z,2024-03-09T14:32:08.854677718Z,2024-03-08T07:30:00Z,822.3333333,carbon dioxide,iaq-data,AM307-Sensor_2
2024-03-02T14:32:08.854677718Z,2024-03-09T14:32:08.854677718Z,2024-03-08T08:00:00Z,820,carbon dioxide,iaq-data,AM307-Sensor_2
2024-03-02T14:32:08.854677718Z,2024-03-09T14:32:08.854677718Z,2024-03-08T08:30:00Z,828.3333333,carbon dioxide,iaq-data,AM307-Sensor_2
2024-03-02T14:32:08.854677718Z,2024-03-09T14:32:08.854677718Z,2024-03-08T09:00:00Z,810.6666667,carbon dioxide,iaq-data,AM307-Sensor_2
2024-03-02T14:32:08.854677718Z,2024-03-09T14:32:08.854677718Z,2024-03-08T09:30:00Z,830.5,carbon dioxide,iaq-data,AM307-Sensor_2
2024-03-02T14:32:08.854677718Z,2024-03-09T14:32:08.854677718Z,2024-03-08T10:00:00Z,764,carbon dioxide,iaq-data,AM307-Sensor_2
2024-03-02T14:32:08.854677718Z,2024-03-09T14:32:08.854677718Z,2024-03-09T14:30:00Z,597,carbon dioxide,iaq-data,AM307-Sensor_2
2024-03-02T14:32:08.854677718Z,2024-03-09T14:32:08.854677718Z,2024-03-05T08:00:00Z,81,humidity,iaq-data,AM307-Sensor_2
2024-03-02T14:32:08.854677718Z,2024-03-09T14:32:08.854677718Z,2024-03-05T14:30:00Z,83,humidity,iaq-data,AM307-Sensor_2
2024-03-02T14:32:08.854677718Z,2024-03-09T14:32:08.854677718Z,2024-03-05T15:00:00Z,82.16666667,humidity,iaq-data,AM307-Sensor_2
2024-03-02T14:32:08.854677718Z,2024-03-09T14:32:08.854677718Z,2024-03-06T02:00:00Z,82.75,humidity,iaq-data,AM307-Sensor_2
2024-03-02T14:32:08.854677718Z,2024-03-09T14:32:08.854677718Z,2024-03-06T02:30:00Z,82.5,humidity,iaq-data,AM307-Sensor_2
2024-03-02T14:32:08.854677718Z,2024-03-09T14:32:08.854677718Z,2024-03-06T05:00:00Z,79,humidity,iaq-data,AM307-Sensor_2
2024-03-02T14:32:08.854677718Z,2024-03-09T14:32:08.854677718Z,2024-03-06T05:30:00Z,78.5,humidity,iaq-data,AM307-Sensor_2
2024-03-02T14:32:08.854677718Z,2024-03-09T14:32:08.854677718Z,2024-03-06T06:00:00Z,80.5,humidity,iaq-data,AM307-Sensor_2
2024-03-02T14:32:08.854677718Z,2024-03-09T14:32:08.854677718Z,2024-03-06T06:30:00Z,80,humidity,iaq-data,AM307-Sensor_2
2024-03-02T14:32:08.854677718Z,2024-03-09T14:32:08.854677718Z,2024-03-06T07:30:00Z,81,humidity,iaq-data,AM307-Sensor_2
2024-03-02T14:32:08.854677718Z,2024-03-09T14:32:08.854677718Z,2024-03-06T08:00:00Z,80.66666667,humidity,iaq-data,AM307-Sensor_2
2024-03-02T14:32:08.854677718Z,2024-03-09T14:32:08.854677718Z,2024-03-06T08:30:00Z,80.66666667,humidity,iaq-data,AM307-Sensor_2
2024-03-02T14:32:08.854677718Z,2024-03-09T14:32:08.854677718Z,2024-03-06T09:00:00Z,80,humidity,iaq-data,AM307-Sensor_2
2024-03-02T14:32:08.854677718Z,2024-03-09T14:32:08.854677718Z,2024-03-06T09:30:00Z,80.83333333,humidity,iaq-data,AM307-Sensor_2
2024-03-02T14:32:08.854677718Z,2024-03-09T14:32:08.854677718Z,2024-03-06T10:00:00Z,81.33333333,humidity,iaq-data,AM307-Sensor_2
2024-03-02T14:32:08.854677718Z,2024-03-09T14:32:08.854677718Z,2024-03-06T10:30:00Z,81,humidity,iaq-data,AM307-Sensor_2
2024-03-02T14:32:08.854677718Z,2024-03-09T14:32:08.854677718Z,2024-03-07T01:30:00Z,81.16666667,humidity,iaq-data,AM307-Sensor_2
2024-03-02T14:32:08.854677718Z,2024-03-09T14:32:08.854677718Z,2024-03-07T02:00:00Z,82.16666667,humidity,iaq-data,AM307-Sensor_2
2024-03-02T14:32:08.854677718Z,2024-03-09T14:32:08.854677718Z,2024-03-07T02:30:00Z,81.83333333,humidity,iaq-data,AM307-Sensor_2
2024-03-02T14:32:08.854677718Z,2024-03-09T14:32:08.854677718Z,2024-03-07T03:00:00Z,82.16666667,humidity,iaq-data,AM307-Sensor_2
2024-03-02T14:32:08.854677718Z,2024-03-09T14:32:08.854677718Z,2024-03-07T03:30:00Z,82,humidity,iaq-data,AM307-Sensor_2
2024-03-02T14:32:08.854677718Z,2024-03-09T14:32:08.854677718Z,2024-03-07T04:00:00Z,82.33333333,humidity,iaq-data,AM307-Sensor_2
2024-03-02T14:32:08.854677718Z,2024-03-09T14:32:08.854677718Z,2024-03-07T04:30:00Z,81.83333333,humidity,iaq-data,AM307-Sensor_2
2024-03-02T14:32:08.854677718Z,2024-03-09T14:32:08.854677718Z,2024-03-07T05:00:00Z,81.5,humidity,iaq-data,AM307-Sensor_2
2024-03-02T14:32:08.854677718Z,2024-03-09T14:32:08.854677718Z,2024-03-07T05:30:00Z,81,humidity,iaq-data,AM307-Sensor_2
2024-03-02T14:32:08.854677718Z,2024-03-09T14:32:08.854677718Z,2024-03-07T06:00:00Z,80.16666667,humidity,iaq-data,AM307-Sensor_2
2024-03-02T14:32:08.854677718Z,2024-03-09T14:32:08.854677718Z,2024-03-07T06:30:00Z,80,humidity,iaq-data,AM307-Sensor_2
2024-03-02T14:32:08.854677718Z,2024-03-09T14:32:08.854677718Z,2024-03-07T09:30:00Z,81.5,humidity,iaq-data,AM307-Sensor_2
2024-03-02T14:32:08.854677718Z,2024-03-09T14:32:08.854677718Z,2024-03-07T10:00:00Z,82.25,humidity,iaq-data,AM307-Sensor_2
2024-03-02T14:32:08.854677718Z,2024-03-09T14:32:08.854677718Z,2024-03-08T04:30:00Z,81,humidity,iaq-data,AM307-Sensor_2
2024-03-02T14:32:08.854677718Z,2024-03-09T14:32:08.854677718Z,2024-03-08T05:00:00Z,81,humidity,iaq-data,AM307-Sensor_2
2024-03-02T14:32:08.854677718Z,2024-03-09T14:32:08.854677718Z,2024-03-08T05:30:00Z,81.5,humidity,iaq-data,AM307-Sensor_2
2024-03-02T14:32:08.854677718Z,2024-03-09T14:32:08.854677718Z,2024-03-08T06:00:00Z,80.83333333,humidity,iaq-data,AM307-Sensor_2
2024-03-02T14:32:08.854677718Z,2024-03-09T14:32:08.854677718Z,2024-03-08T06:30:00Z,81,humidity,iaq-data,AM307-Sensor_2
2024-03-02T14:32:08.854677718Z,2024-03-09T14:32:08.854677718Z,2024-03-08T07:00:00Z,80.66666667,humidity,iaq-data,AM307-Sensor_2
2024-03-02T14:32:08.854677718Z,2024-03-09T14:32:08.854677718Z,2024-03-08T07:30:00Z,81.16666667,humidity,iaq-data,AM307-Sensor_2
2024-03-02T14:32:08.854677718Z,2024-03-09T14:32:08.854677718Z,2024-03-08T08:00:00Z,81,humidity,iaq-data,AM307-Sensor_2
2024-03-02T14:32:08.854677718Z,2024-03-09T14:32:08.854677718Z,2024-03-08T08:30:00Z,82.16666667,humidity,iaq-data,AM307-Sensor_2
2024-03-02T14:32:08.854677718Z,2024-03-09T14:32:08.854677718Z,2024-03-08T09:00:00Z,81.83333333,humidity,iaq-data,AM307-Sensor_2
2024-03-02T14:32:08.854677718Z,2024-03-09T14:32:08.854677718Z,2024-03-08T09:30:00Z,82.75,humidity,iaq-data,AM307-Sensor_2
2024-03-02T14:32:08.854677718Z,2024-03-09T14:32:08.854677718Z,2024-03-08T10:00:00Z,82.25,humidity,iaq-data,AM307-Sensor_2
2024-03-02T14:32:08.854677718Z,2024-03-09T14:32:08.854677718Z,2024-03-09T14:30:00Z,82.5,humidity,iaq-data,AM307-Sensor_2
2024-03-02T14:32:08.854677718Z,2024-03-09T14:32:08.854677718Z,2024-03-05T08:00:00Z,23.25,temperature,iaq-data,AM307-Sensor_2
2024-03-02T14:32:08.854677718Z,2024-03-09T14:32:08.854677718Z,2024-03-05T14:30:00Z,23.15,temperature,iaq-data,AM307-Sensor_2
2024-03-02T14:32:08.854677718Z,2024-03-09T14:32:08.854677718Z,2024-03-05T15:00:00Z,23.36666667,temperature,iaq-data,AM307-Sensor_2
2024-03-02T14:32:08.854677718Z,2024-03-09T14:32:08.854677718Z,2024-03-06T02:00:00Z,23.2,temperature,iaq-data,AM307-Sensor_2
2024-03-02T14:32:08.854677718Z,2024-03-09T14:32:08.854677718Z,2024-03-06T02:30:00Z,23.2,temperature,iaq-data,AM307-Sensor_2
2024-03-02T14:32:08.854677718Z,2024-03-09T14:32:08.854677718Z,2024-03-06T05:00:00Z,24.1,temperature,iaq-data,AM307-Sensor_2
2024-03-02T14:32:08.854677718Z,2024-03-09T14:32:08.854677718Z,2024-03-06T05:30:00Z,24.1,temperature,iaq-data,AM307-Sensor_2
2024-03-02T14:32:08.854677718Z,2024-03-09T14:32:08.854677718Z,2024-03-06T06:00:00Z,23.86666667,temperature,iaq-data,AM307-Sensor_2
2024-03-02T14:32:08.854677718Z,2024-03-09T14:32:08.854677718Z,2024-03-06T06:30:00Z,23.83333333,temperature,iaq-data,AM307-Sensor_2
2024-03-02T14:32:08.854677718Z,2024-03-09T14:32:08.854677718Z,2024-03-06T07:30:00Z,23.8,temperature,iaq-data,AM307-Sensor_2
2024-03-02T14:32:08.854677718Z,2024-03-09T14:32:08.854677718Z,2024-03-06T08:00:00Z,23.66666667,temperature,iaq-data,AM307-Sensor_2
2024-03-02T14:32:08.854677718Z,2024-03-09T14:32:08.854677718Z,2024-03-06T08:30:00Z,23.76666667,temperature,iaq-data,AM307-Sensor_2
2024-03-02T14:32:08.854677718Z,2024-03-09T14:32:08.854677718Z,2024-03-06T09:00:00Z,23.73333333,temperature,iaq-data,AM307-Sensor_2
2024-03-02T14:32:08.854677718Z,2024-03-09T14:32:08.854677718Z,2024-03-06T09:30:00Z,23.63333333,temperature,iaq-data,AM307-Sensor_2
2024-03-02T14:32:08.854677718Z,2024-03-09T14:32:08.854677718Z,2024-03-06T10:00:00Z,23.7,temperature,iaq-data,AM307-Sensor_2
2024-03-02T14:32:08.854677718Z,2024-03-09T14:32:08.854677718Z,2024-03-06T10:30:00Z,23.63333333,temperature,iaq-data,AM307-Sensor_2
2024-03-02T14:32:08.854677718Z,2024-03-09T14:32:08.854677718Z,2024-03-07T01:30:00Z,23.36666667,temperature,iaq-data,AM307-Sensor_2
2024-03-02T14:32:08.854677718Z,2024-03-09T14:32:08.854677718Z,2024-03-07T02:00:00Z,23.43333333,temperature,iaq-data,AM307-Sensor_2
2024-03-02T14:32:08.854677718Z,2024-03-09T14:32:08.854677718Z,2024-03-07T02:30:00Z,23.43333333,temperature,iaq-data,AM307-Sensor_2
2024-03-02T14:32:08.854677718Z,2024-03-09T14:32:08.854677718Z,2024-03-07T03:00:00Z,23.46666667,temperature,iaq-data,AM307-Sensor_2
2024-03-02T14:32:08.854677718Z,2024-03-09T14:32:08.854677718Z,2024-03-07T03:30:00Z,23.4,temperature,iaq-data,AM307-Sensor_2
2024-03-02T14:32:08.854677718Z,2024-03-09T14:32:08.854677718Z,2024-03-07T04:00:00Z,23.46666667,temperature,iaq-data,AM307-Sensor_2
2024-03-02T14:32:08.854677718Z,2024-03-09T14:32:08.854677718Z,2024-03-07T04:30:00Z,23.4,temperature,iaq-data,AM307-Sensor_2
2024-03-02T14:32:08.854677718Z,2024-03-09T14:32:08.854677718Z,2024-03-07T05:00:00Z,23.36666667,temperature,iaq-data,AM307-Sensor_2
2024-03-02T14:32:08.854677718Z,2024-03-09T14:32:08.854677718Z,2024-03-07T05:30:00Z,23.33333333,temperature,iaq-data,AM307-Sensor_2
2024-03-02T14:32:08.854677718Z,2024-03-09T14:32:08.854677718Z,2024-03-07T06:00:00Z,23.26666667,temperature,iaq-data,AM307-Sensor_2
2024-03-02T14:32:08.854677718Z,2024-03-09T14:32:08.854677718Z,2024-03-07T06:30:00Z,23.2,temperature,iaq-data,AM307-Sensor_2
2024-03-02T14:32:08.854677718Z,2024-03-09T14:32:08.854677718Z,2024-03-07T09:30:00Z,23.3,temperature,iaq-data,AM307-Sensor_2
2024-03-02T14:32:08.854677718Z,2024-03-09T14:32:08.854677718Z,2024-03-07T10:00:00Z,23.15,temperature,iaq-data,AM307-Sensor_2
2024-03-02T14:32:08.854677718Z,2024-03-09T14:32:08.854677718Z,2024-03-08T04:30:00Z,23.4,temperature,iaq-data,AM307-Sensor_2
2024-03-02T14:32:08.854677718Z,2024-03-09T14:32:08.854677718Z,2024-03-08T05:00:00Z,23.4,temperature,iaq-data,AM307-Sensor_2
2024-03-02T14:32:08.854677718Z,2024-03-09T14:32:08.854677718Z,2024-03-08T05:30:00Z,23.4,temperature,iaq-data,AM307-Sensor_2
2024-03-02T14:32:08.854677718Z,2024-03-09T14:32:08.854677718Z,2024-03-08T06:00:00Z,23.33333333,temperature,iaq-data,AM307-Sensor_2
2024-03-02T14:32:08.854677718Z,2024-03-09T14:32:08.854677718Z,2024-03-08T06:30:00Z,23.36666667,temperature,iaq-data,AM307-Sensor_2
2024-03-02T14:32:08.854677718Z,2024-03-09T14:32:08.854677718Z,2024-03-08T07:00:00Z,23.23333333,temperature,iaq-data,AM307-Sensor_2
2024-03-02T14:32:08.854677718Z,2024-03-09T14:32:08.854677718Z,2024-03-08T07:30:00Z,23.26666667,temperature,iaq-data,AM307-Sensor_2
2024-03-02T14:32:08.854677718Z,2024-03-09T14:32:08.854677718Z,2024-03-08T08:00:00Z,23.23333333,temperature,iaq-data,AM307-Sensor_2
2024-03-02T14:32:08.854677718Z,2024-03-09T14:32:08.854677718Z,2024-03-08T08:30:00Z,23.3,temperature,iaq-data,AM307-Sensor_2
2024-03-02T14:32:08.854677718Z,2024-03-09T14:32:08.854677718Z,2024-03-08T09:00:00Z,23.33333333,temperature,iaq-data,AM307-Sensor_2
2024-03-02T14:32:08.854677718Z,2024-03-09T14:32:08.854677718Z,2024-03-08T09:30:00Z,23.35,temperature,iaq-data,AM307-Sensor_2
2024-03-02T14:32:08.854677718Z,2024-03-09T14:32:08.854677718Z,2024-03-08T10:00:00Z,23.25,temperature,iaq-data,AM307-Sensor_2
2024-03-02T14:32:08.854677718Z,2024-03-09T14:32:08.854677718Z,2024-03-09T14:30:00Z,23.9,temperature,iaq-data,AM307-Sensor_2
2024-03-02T14:32:08.854677718Z,2024-03-09T14:32:08.854677718Z,2024-03-05T08:00:00Z,872,carbon dioxide,iaq-data,AM319-Sensor_1
2024-03-02T14:32:08.854677718Z,2024-03-09T14:32:08.854677718Z,2024-03-05T14:30:00Z,707,carbon dioxide,iaq-data,AM319-Sensor_1
2024-03-02T14:32:08.854677718Z,2024-03-09T14:32:08.854677718Z,2024-03-05T15:00:00Z,707.6666667,carbon dioxide,iaq-data,AM319-Sensor_1
2024-03-02T14:32:08.854677718Z,2024-03-09T14:32:08.854677718Z,2024-03-05T15:30:00Z,699,carbon dioxide,iaq-data,AM319-Sensor_1
2024-03-02T14:32:08.854677718Z,2024-03-09T14:32:08.854677718Z,2024-03-06T02:00:00Z,678,carbon dioxide,iaq-data,AM319-Sensor_1
2024-03-02T14:32:08.854677718Z,2024-03-09T14:32:08.854677718Z,2024-03-06T02:30:00Z,681,carbon dioxide,iaq-data,AM319-Sensor_1
2024-03-02T14:32:08.854677718Z,2024-03-09T14:32:08.854677718Z,2024-03-06T05:00:00Z,1339,carbon dioxide,iaq-data,AM319-Sensor_1
2024-03-02T14:32:08.854677718Z,2024-03-09T14:32:08.854677718Z,2024-03-06T05:30:00Z,1332.666667,carbon dioxide,iaq-data,AM319-Sensor_1
2024-03-02T14:32:08.854677718Z,2024-03-09T14:32:08.854677718Z,2024-03-06T06:00:00Z,1225,carbon dioxide,iaq-data,AM319-Sensor_1
2024-03-02T14:32:08.854677718Z,2024-03-09T14:32:08.854677718Z,2024-03-06T06:30:00Z,1114.666667,carbon dioxide,iaq-data,AM319-Sensor_1
2024-03-02T14:32:08.854677718Z,2024-03-09T14:32:08.854677718Z,2024-03-06T07:30:00Z,993,carbon dioxide,iaq-data,AM319-Sensor_1
2024-03-02T14:32:08.854677718Z,2024-03-09T14:32:08.854677718Z,2024-03-06T08:00:00Z,977,carbon dioxide,iaq-data,AM319-Sensor_1
2024-03-02T14:32:08.854677718Z,2024-03-09T14:32:08.854677718Z,2024-03-06T08:30:00Z,943,carbon dioxide,iaq-data,AM319-Sensor_1
2024-03-02T14:32:08.854677718Z,2024-03-09T14:32:08.854677718Z,2024-03-06T09:00:00Z,930.6666667,carbon dioxide,iaq-data,AM319-Sensor_1
2024-03-02T14:32:08.854677718Z,2024-03-09T14:32:08.854677718Z,2024-03-06T09:30:00Z,909.3333333,carbon dioxide,iaq-data,AM319-Sensor_1
2024-03-02T14:32:08.854677718Z,2024-03-09T14:32:08.854677718Z,2024-03-06T10:00:00Z,899.6666667,carbon dioxide,iaq-data,AM319-Sensor_1
2024-03-02T14:32:08.854677718Z,2024-03-09T14:32:08.854677718Z,2024-03-06T10:30:00Z,892,carbon dioxide,iaq-data,AM319-Sensor_1
2024-03-02T14:32:08.854677718Z,2024-03-09T14:32:08.854677718Z,2024-03-07T01:30:00Z,662,carbon dioxide,iaq-data,AM319-Sensor_1
2024-03-02T14:32:08.854677718Z,2024-03-09T14:32:08.854677718Z,2024-03-07T02:00:00Z,657.6666667,carbon dioxide,iaq-data,AM319-Sensor_1
2024-03-02T14:32:08.854677718Z,2024-03-09T14:32:08.854677718Z,2024-03-07T02:30:00Z,656,carbon dioxide,iaq-data,AM319-Sensor_1
2024-03-02T14:32:08.854677718Z,2024-03-09T14:32:08.854677718Z,2024-03-07T03:00:00Z,716.3333333,carbon dioxide,iaq-data,AM319-Sensor_1
2024-03-02T14:32:08.854677718Z,2024-03-09T14:32:08.854677718Z,2024-03-07T03:30:00Z,771,carbon dioxide,iaq-data,AM319-Sensor_1
2024-03-02T14:32:08.854677718Z,2024-03-09T14:32:08.854677718Z,2024-03-07T04:00:00Z,828.6666667,carbon dioxide,iaq-data,AM319-Sensor_1
2024-03-02T14:32:08.854677718Z,2024-03-09T14:32:08.854677718Z,2024-03-07T04:30:00Z,870.6666667,carbon dioxide,iaq-data,AM319-Sensor_1
2024-03-02T14:32:08.854677718Z,2024-03-09T14:32:08.854677718Z,2024-03-07T05:00:00Z,880.6666667,carbon dioxide,iaq-data,AM319-Sensor_1
2024-03-02T14:32:08.854677718Z,2024-03-09T14:32:08.854677718Z,2024-03-07T05:30:00Z,903,carbon dioxide,iaq-data,AM319-Sensor_1
2024-03-02T14:32:08.854677718Z,2024-03-09T14:32:08.854677718Z,2024-03-07T06:00:00Z,922,carbon dioxide,iaq-data,AM319-Sensor_1
2024-03-02T14:32:08.854677718Z,2024-03-09T14:32:08.854677718Z,2024-03-07T06:30:00Z,915.5,carbon dioxide,iaq-data,AM319-Sensor_1
2024-03-02T14:32:08.854677718Z,2024-03-09T14:32:08.854677718Z,2024-03-07T09:30:00Z,831,carbon dioxide,iaq-data,AM319-Sensor_1
2024-03-02T14:32:08.854677718Z,2024-03-09T14:32:08.854677718Z,2024-03-07T10:00:00Z,825.5,carbon dioxide,iaq-data,AM319-Sensor_1
2024-03-02T14:32:08.854677718Z,2024-03-09T14:32:08.854677718Z,2024-03-08T04:30:00Z,971,carbon dioxide,iaq-data,AM319-Sensor_1
2024-03-02T14:32:08.854677718Z,2024-03-09T14:32:08.854677718Z,2024-03-08T05:00:00Z,994,carbon dioxide,iaq-data,AM319-Sensor_1
2024-03-02T14:32:08.854677718Z,2024-03-09T14:32:08.854677718Z,2024-03-08T05:30:00Z,962,carbon dioxide,iaq-data,AM319-Sensor_1
2024-03-02T14:32:08.854677718Z,2024-03-09T14:32:08.854677718Z,2024-03-08T06:00:00Z,914.6666667,carbon dioxide,iaq-data,AM319-Sensor_1
2024-03-02T14:32:08.854677718Z,2024-03-09T14:32:08.854677718Z,2024-03-08T06:30:00Z,866.3333333,carbon dioxide,iaq-data,AM319-Sensor_1
2024-03-02T14:32:08.854677718Z,2024-03-09T14:32:08.854677718Z,2024-03-08T07:00:00Z,823.3333333,carbon dioxide,iaq-data,AM319-Sensor_1
2024-03-02T14:32:08.854677718Z,2024-03-09T14:32:08.854677718Z,2024-03-08T07:30:00Z,817,carbon dioxide,iaq-data,AM319-Sensor_1
2024-03-02T14:32:08.854677718Z,2024-03-09T14:32:08.854677718Z,2024-03-08T08:00:00Z,807.6666667,carbon dioxide,iaq-data,AM319-Sensor_1
2024-03-02T14:32:08.854677718Z,2024-03-09T14:32:08.854677718Z,2024-03-08T08:30:00Z,806,carbon dioxide,iaq-data,AM319-Sensor_1
2024-03-02T14:32:08.854677718Z,2024-03-09T14:32:08.854677718Z,2024-03-08T09:00:00Z,808.3333333,carbon dioxide,iaq-data,AM319-Sensor_1
2024-03-02T14:32:08.854677718Z,2024-03-09T14:32:08.854677718Z,2024-03-08T09:30:00Z,806.5,carbon dioxide,iaq-data,AM319-Sensor_1
2024-03-02T14:32:08.854677718Z,2024-03-09T14:32:08.854677718Z,2024-03-08T10:00:00Z,797,carbon dioxide,iaq-data,AM319-Sensor_1
2024-03-02T14:32:08.854677718Z,2024-03-09T14:32:08.854677718Z,2024-03-09T14:30:00Z,524,carbon dioxide,iaq-data,AM319-Sensor_1
2024-03-02T14:32:08.854677718Z,2024-03-09T14:32:08.854677718Z,2024-03-05T08:00:00Z,78.5,humidity,iaq-data,AM319-Sensor_1
2024-03-02T14:32:08.854677718Z,2024-03-09T14:32:08.854677718Z,2024-03-05T14:30:00Z,80.5,humidity,iaq-data,AM319-Sensor_1
2024-03-02T14:32:08.854677718Z,2024-03-09T14:32:08.854677718Z,2024-03-05T15:00:00Z,79.83333333,humidity,iaq-data,AM319-Sensor_1
2024-03-02T14:32:08.854677718Z,2024-03-09T14:32:08.854677718Z,2024-03-05T15:30:00Z,80,humidity,iaq-data,AM319-Sensor_1
2024-03-02T14:32:08.854677718Z,2024-03-09T14:32:08.854677718Z,2024-03-06T02:00:00Z,80.75,humidity,iaq-data,AM319-Sensor_1
2024-03-02T14:32:08.854677718Z,2024-03-09T14:32:08.854677718Z,2024-03-06T02:30:00Z,80.5,humidity,iaq-data,AM319-Sensor_1
2024-03-02T14:32:08.854677718Z,2024-03-09T14:32:08.854677718Z,2024-03-06T05:00:00Z,78,humidity,iaq-data,AM319-Sensor_1
2024-03-02T14:32:08.854677718Z,2024-03-09T14:32:08.854677718Z,2024-03-06T05:30:00Z,77.5,humidity,iaq-data,AM319-Sensor_1
2024-03-02T14:32:08.854677718Z,2024-03-09T14:32:08.854677718Z,2024-03-06T06:00:00Z,78.25,humidity,iaq-data,AM319-Sensor_1
2024-03-02T14:32:08.854677718Z,2024-03-09T14:32:08.854677718Z,2024-03-06T06:30:00Z,78.16666667,humidity,iaq-data,AM319-Sensor_1
2024-03-02T14:32:08.854677718Z,2024-03-09T14:32:08.854677718Z,2024-03-06T07:30:00Z,78.5,humidity,iaq-data,AM319-Sensor_1
2024-03-02T14:32:08.854677718Z,2024-03-09T14:32:08.854677718Z,2024-03-06T08:00:00Z,78.66666667,humidity,iaq-data,AM319-Sensor_1
2024-03-02T14:32:08.854677718Z,2024-03-09T14:32:08.854677718Z,2024-03-06T08:30:00Z,78.83333333,humidity,iaq-data,AM319-Sensor_1
2024-03-02T14:32:08.854677718Z,2024-03-09T14:32:08.854677718Z,2024-03-06T09:00:00Z,78.5,humidity,iaq-data,AM319-Sensor_1
2024-03-02T14:32:08.854677718Z,2024-03-09T14:32:08.854677718Z,2024-03-06T09:30:00Z,78.83333333,humidity,iaq-data,AM319-Sensor_1
2024-03-02T14:32:08.854677718Z,2024-03-09T14:32:08.854677718Z,2024-03-06T10:00:00Z,79.16666667,humidity,iaq-data,AM319-Sensor_1
2024-03-02T14:32:08.854677718Z,2024-03-09T14:32:08.854677718Z,2024-03-06T10:30:00Z,79.16666667,humidity,iaq-data,AM319-Sensor_1
2024-03-02T14:32:08.854677718Z,2024-03-09T14:32:08.854677718Z,2024-03-07T01:30:00Z,79.16666667,humidity,iaq-data,AM319-Sensor_1
2024-03-02T14:32:08.854677718Z,2024-03-09T14:32:08.854677718Z,2024-03-07T02:00:00Z,79.83333333,humidity,iaq-data,AM319-Sensor_1
2024-03-02T14:32:08.854677718Z,2024-03-09T14:32:08.854677718Z,2024-03-07T02:30:00Z,80,humidity,iaq-data,AM319-Sensor_1
2024-03-02T14:32:08.854677718Z,2024-03-09T14:32:08.854677718Z,2024-03-07T03:00:00Z,80,humidity,iaq-data,AM319-Sensor_1
2024-03-02T14:32:08.854677718Z,2024-03-09T14:32:08.854677718Z,2024-03-07T03:30:00Z,79.66666667,humidity,iaq-data,AM319-Sensor_1
2024-03-02T14:32:08.854677718Z,2024-03-09T14:32:08.854677718Z,2024-03-07T04:00:00Z,80,humidity,iaq-data,AM319-Sensor_1
2024-03-02T14:32:08.854677718Z,2024-03-09T14:32:08.854677718Z,2024-03-07T04:30:00Z,79.33333333,humidity,iaq-data,AM319-Sensor_1
2024-03-02T14:32:08.854677718Z,2024-03-09T14:32:08.854677718Z,2024-03-07T05:00:00Z,79.16666667,humidity,iaq-data,AM319-Sensor_1
2024-03-02T14:32:08.854677718Z,2024-03-09T14:32:08.854677718Z,2024-03-07T05:30:00Z,79,humidity,iaq-data,AM319-Sensor_1
2024-03-02T14:32:08.854677718Z,2024-03-09T14:32:08.854677718Z,2024-03-07T06:00:00Z,78.33333333,humidity,iaq-data,AM319-Sensor_1
2024-03-02T14:32:08.854677718Z,2024-03-09T14:32:08.854677718Z,2024-03-07T06:30:00Z,78,humidity,iaq-data,AM319-Sensor_1
2024-03-02T14:32:08.854677718Z,2024-03-09T14:32:08.854677718Z,2024-03-07T09:30:00Z,79.5,humidity,iaq-data,AM319-Sensor_1
2024-03-02T14:32:08.854677718Z,2024-03-09T14:32:08.854677718Z,2024-03-07T10:00:00Z,80,humidity,iaq-data,AM319-Sensor_1
2024-03-02T14:32:08.854677718Z,2024-03-09T14:32:08.854677718Z,2024-03-08T04:30:00Z,78.75,humidity,iaq-data,AM319-Sensor_1
2024-03-02T14:32:08.854677718Z,2024-03-09T14:32:08.854677718Z,2024-03-08T05:00:00Z,79,humidity,iaq-data,AM319-Sensor_1
2024-03-02T14:32:08.854677718Z,2024-03-09T14:32:08.854677718Z,2024-03-08T05:30:00Z,79.5,humidity,iaq-data,AM319-Sensor_1
2024-03-02T14:32:08.854677718Z,2024-03-09T14:32:08.854677718Z,2024-03-08T06:00:00Z,79,humidity,iaq-data,AM319-Sensor_1
2024-03-02T14:32:08.854677718Z,2024-03-09T14:32:08.854677718Z,2024-03-08T06:30:00Z,78.83333333,humidity,iaq-data,AM319-Sensor_1
2024-03-02T14:32:08.854677718Z,2024-03-09T14:32:08.854677718Z,2024-03-08T07:00:00Z,78.66666667,humidity,iaq-data,AM319-Sensor_1
2024-03-02T14:32:08.854677718Z,2024-03-09T14:32:08.854677718Z,2024-03-08T07:30:00Z,78.66666667,humidity,iaq-data,AM319-Sensor_1
2024-03-02T14:32:08.854677718Z,2024-03-09T14:32:08.854677718Z,2024-03-08T08:00:00Z,78.83333333,humidity,iaq-data,AM319-Sensor_1
2024-03-02T14:32:08.854677718Z,2024-03-09T14:32:08.854677718Z,2024-03-08T08:30:00Z,79.83333333,humidity,iaq-data,AM319-Sensor_1
2024-03-02T14:32:08.854677718Z,2024-03-09T14:32:08.854677718Z,2024-03-08T09:00:00Z,79.66666667,humidity,iaq-data,AM319-Sensor_1
2024-03-02T14:32:08.854677718Z,2024-03-09T14:32:08.854677718Z,2024-03-08T09:30:00Z,80,humidity,iaq-data,AM319-Sensor_1
2024-03-02T14:32:08.854677718Z,2024-03-09T14:32:08.854677718Z,2024-03-08T10:00:00Z,80.5,humidity,iaq-data,AM319-Sensor_1
2024-03-02T14:32:08.854677718Z,2024-03-09T14:32:08.854677718Z,2024-03-09T14:30:00Z,80,humidity,iaq-data,AM319-Sensor_1
2024-03-02T14:32:08.854677718Z,2024-03-09T14:32:08.854677718Z,2024-03-05T08:00:00Z,23.2,temperature,iaq-data,AM319-Sensor_1
2024-03-02T14:32:08.854677718Z,2024-03-09T14:32:08.854677718Z,2024-03-05T14:30:00Z,23.05,temperature,iaq-data,AM319-Sensor_1
2024-03-02T14:32:08.854677718Z,2024-03-09T14:32:08.854677718Z,2024-03-05T15:00:00Z,23.3,temperature,iaq-data,AM319-Sensor_1
2024-03-02T14:32:08.854677718Z,2024-03-09T14:32:08.854677718Z,2024-03-05T15:30:00Z,23.1,temperature,iaq-data,AM319-Sensor_1
2024-03-02T14:32:08.854677718Z,2024-03-09T14:32:08.854677718Z,2024-03-06T02:00:00Z,23.1,temperature,iaq-data,AM319-Sensor_1
2024-03-02T14:32:08.854677718Z,2024-03-09T14:32:08.854677718Z,2024-03-06T02:30:00Z,23.05,temperature,iaq-data,AM319-Sensor_1
2024-03-02T14:32:08.854677718Z,2024-03-09T14:32:08.854677718Z,2024-03-06T05:00:00Z,23.9,temperature,iaq-data,AM319-Sensor_1
2024-03-02T14:32:08.854677718Z,2024-03-09T14:32:08.854677718Z,2024-03-06T05:30:00Z,23.9,temperature,iaq-data,AM319-Sensor_1
2024-03-02T14:32:08.854677718Z,2024-03-09T14:32:08.854677718Z,2024-03-06T06:00:00Z,23.75,temperature,iaq-data,AM319-Sensor_1
2024-03-02T14:32:08.854677718Z,2024-03-09T14:32:08.854677718Z,2024-03-06T06:30:00Z,23.66666667,temperature,iaq-data,AM319-Sensor_1
2024-03-02T14:32:08.854677718Z,2024-03-09T14:32:08.854677718Z,2024-03-06T07:30:00Z,23.55,temperature,iaq-data,AM319-Sensor_1
2024-03-02T14:32:08.854677718Z,2024-03-09T14:32:08.854677718Z,2024-03-06T08:00:00Z,23.5,temperature,iaq-data,AM319-Sensor_1
2024-03-02T14:32:08.854677718Z,2024-03-09T14:32:08.854677718Z,2024-03-06T08:30:00Z,23.56666667,temperature,iaq-data,AM319-Sensor_1
2024-03-02T14:32:08.854677718Z,2024-03-09T14:32:08.854677718Z,2024-03-06T09:00:00Z,23.53333333,temperature,iaq-data,AM319-Sensor_1
2024-03-02T14:32:08.854677718Z,2024-03-09T14:32:08.854677718Z,2024-03-06T09:30:00Z,23.46666667,temperature,iaq-data,AM319-Sensor_1
2024-03-02T14:32:08.854677718Z,2024-03-09T14:32:08.854677718Z,2024-03-06T10:00:00Z,23.5,temperature,iaq-data,AM319-Sensor_1
2024-03-02T14:32:08.854677718Z,2024-03-09T14:32:08.854677718Z,2024-03-06T10:30:00Z,23.43333333,temperature,iaq-data,AM319-Sensor_1
2024-03-02T14:32:08.854677718Z,2024-03-09T14:32:08.854677718Z,2024-03-07T01:30:00Z,23.23333333,temperature,iaq-data,AM319-Sensor_1
2024-03-02T14:32:08.854677718Z,2024-03-09T14:32:08.854677718Z,2024-03-07T02:00:00Z,23.33333333,temperature,iaq-data,AM319-Sensor_1
2024-03-02T14:32:08.854677718Z,2024-03-09T14:32:08.854677718Z,2024-03-07T02:30:00Z,23.35,temperature,iaq-data,AM319-Sensor_1
2024-03-02T14:32:08.854677718Z,2024-03-09T14:32:08.854677718Z,2024-03-07T03:00:00Z,23.36666667,temperature,iaq-data,AM319-Sensor_1
2024-03-02T14:32:08.854677718Z,2024-03-09T14:32:08.854677718Z,2024-03-07T03:30:00Z,23.33333333,temperature,iaq-data,AM319-Sensor_1
2024-03-02T14:32:08.854677718Z,2024-03-09T14:32:08.854677718Z,2024-03-07T04:00:00Z,23.36666667,temperature,iaq-data,AM319-Sensor_1
2024-03-02T14:32:08.854677718Z,2024-03-09T14:32:08.854677718Z,2024-03-07T04:30:00Z,23.33333333,temperature,iaq-data,AM319-Sensor_1
2024-03-02T14:32:08.854677718Z,2024-03-09T14:32:08.854677718Z,2024-03-07T05:00:00Z,23.3,temperature,iaq-data,AM319-Sensor_1
2024-03-02T14:32:08.854677718Z,2024-03-09T14:32:08.854677718Z,2024-03-07T05:30:00Z,23.26666667,temperature,iaq-data,AM319-Sensor_1
2024-03-02T14:32:08.854677718Z,2024-03-09T14:32:08.854677718Z,2024-03-07T06:00:00Z,23.16666667,temperature,iaq-data,AM319-Sensor_1
2024-03-02T14:32:08.854677718Z,2024-03-09T14:32:08.854677718Z,2024-03-07T06:30:00Z,23.15,temperature,iaq-data,AM319-Sensor_1
2024-03-02T14:32:08.854677718Z,2024-03-09T14:32:08.854677718Z,2024-03-07T09:30:00Z,23.2,temperature,iaq-data,AM319-Sensor_1
2024-03-02T14:32:08.854677718Z,2024-03-09T14:32:08.854677718Z,2024-03-07T10:00:00Z,23.15,temperature,iaq-data,AM319-Sensor_1
2024-03-02T14:32:08.854677718Z,2024-03-09T14:32:08.854677718Z,2024-03-08T04:30:00Z,23.3,temperature,iaq-data,AM319-Sensor_1
2024-03-02T14:32:08.854677718Z,2024-03-09T14:32:08.854677718Z,2024-03-08T05:00:00Z,23.33333333,temperature,iaq-data,AM319-Sensor_1
2024-03-02T14:32:08.854677718Z,2024-03-09T14:32:08.854677718Z,2024-03-08T05:30:00Z,23.4,temperature,iaq-data,AM319-Sensor_1
2024-03-02T14:32:08.854677718Z,2024-03-09T14:32:08.854677718Z,2024-03-08T06:00:00Z,23.3,temperature,iaq-data,AM319-Sensor_1
2024-03-02T14:32:08.854677718Z,2024-03-09T14:32:08.854677718Z,2024-03-08T06:30:00Z,23.26666667,temperature,iaq-data,AM319-Sensor_1
2024-03-02T14:32:08.854677718Z,2024-03-09T14:32:08.854677718Z,2024-03-08T07:00:00Z,23.23333333,temperature,iaq-data,AM319-Sensor_1
2024-03-02T14:32:08.854677718Z,2024-03-09T14:32:08.854677718Z,2024-03-08T07:30:00Z,23.23333333,temperature,iaq-data,AM319-Sensor_1
2024-03-02T14:32:08.854677718Z,2024-03-09T14:32:08.854677718Z,2024-03-08T08:00:00Z,23.13333333,temperature,iaq-data,AM319-Sensor_1
2024-03-02T14:32:08.854677718Z,2024-03-09T14:32:08.854677718Z,2024-03-08T08:30:00Z,23.2,temperature,iaq-data,AM319-Sensor_1
2024-03-02T14:32:08.854677718Z,2024-03-09T14:32:08.854677718Z,2024-03-08T09:00:00Z,23.23333333,temperature,iaq-data,AM319-Sensor_1
2024-03-02T14:32:08.854677718Z,2024-03-09T14:32:08.854677718Z,2024-03-08T09:30:00Z,23.25,temperature,iaq-data,AM319-Sensor_1
2024-03-02T14:32:08.854677718Z,2024-03-09T14:32:08.854677718Z,2024-03-08T10:00:00Z,23.3,temperature,iaq-data,AM319-Sensor_1
2024-03-02T14:32:08.854677718Z,2024-03-09T14:32:08.854677718Z,2024-03-09T14:30:00Z,23.8,temperature,iaq-data,AM319-Sensor_1
2024-03-02T14:32:08.854677718Z,2024-03-09T14:32:08.854677718Z,2024-03-05T08:00:00Z,834,carbon dioxide,iaq-data,AM319-Sensor_3
2024-03-02T14:32:08.854677718Z,2024-03-09T14:32:08.854677718Z,2024-03-05T08:30:00Z,839,carbon dioxide,iaq-data,AM319-Sensor_3
2024-03-02T14:32:08.854677718Z,2024-03-09T14:32:08.854677718Z,2024-03-05T14:30:00Z,681.5,carbon dioxide,iaq-data,AM319-Sensor_3
2024-03-02T14:32:08.854677718Z,2024-03-09T14:32:08.854677718Z,2024-03-05T15:00:00Z,674.3333333,carbon dioxide,iaq-data,AM319-Sensor_3
2024-03-02T14:32:08.854677718Z,2024-03-09T14:32:08.854677718Z,2024-03-05T15:30:00Z,673,carbon dioxide,iaq-data,AM319-Sensor_3
2024-03-02T14:32:08.854677718Z,2024-03-09T14:32:08.854677718Z,2024-03-06T02:00:00Z,665,carbon dioxide,iaq-data,AM319-Sensor_3
2024-03-02T14:32:08.854677718Z,2024-03-09T14:32:08.854677718Z,2024-03-06T02:30:00Z,658,carbon dioxide,iaq-data,AM319-Sensor_3
2024-03-02T14:32:08.854677718Z,2024-03-09T14:32:08.854677718Z,2024-03-06T05:00:00Z,1226,carbon dioxide,iaq-data,AM319-Sensor_3
2024-03-02T14:32:08.854677718Z,2024-03-09T14:32:08.854677718Z,2024-03-06T05:30:00Z,1268.333333,carbon dioxide,iaq-data,AM319-Sensor_3
2024-03-02T14:32:08.854677718Z,2024-03-09T14:32:08.854677718Z,2024-03-06T06:00:00Z,1166.333333,carbon dioxide,iaq-data,AM319-Sensor_3
2024-03-02T14:32:08.854677718Z,2024-03-09T14:32:08.854677718Z,2024-03-06T06:30:00Z,1064,carbon dioxide,iaq-data,AM319-Sensor_3
2024-03-02T14:32:08.854677718Z,2024-03-09T14:32:08.854677718Z,2024-03-06T07:30:00Z,965,carbon dioxide,iaq-data,AM319-Sensor_3
2024-03-02T14:32:08.854677718Z,2024-03-09T14:32:08.854677718Z,2024-03-06T08:00:00Z,941.6666667,carbon dioxide,iaq-data,AM319-Sensor_3
2024-03-02T14:32:08.854677718Z,2024-03-09T14:32:08.854677718Z,2024-03-06T08:30:00Z,916.3333333,carbon dioxide,iaq-data,AM319-Sensor_3
2024-03-02T14:32:08.854677718Z,2024-03-09T14:32:08.854677718Z,2024-03-06T09:00:00Z,897.3333333,carbon dioxide,iaq-data,AM319-Sensor_3
2024-03-02T14:32:08.854677718Z,2024-03-09T14:32:08.854677718Z,2024-03-06T09:30:00Z,881.3333333,carbon dioxide,iaq-data,AM319-Sensor_3
2024-03-02T14:32:08.854677718Z,2024-03-09T14:32:08.854677718Z,2024-03-06T10:00:00Z,872.3333333,carbon dioxide,iaq-data,AM319-Sensor_3
2024-03-02T14:32:08.854677718Z,2024-03-09T14:32:08.854677718Z,2024-03-06T10:30:00Z,863,carbon dioxide,iaq-data,AM319-Sensor_3
2024-03-02T14:32:08.854677718Z,2024-03-09T14:32:08.854677718Z,2024-03-06T11:00:00Z,853,carbon dioxide,iaq-data,AM319-Sensor_3
2024-03-02T14:32:08.854677718Z,2024-03-09T14:32:08.854677718Z,2024-03-07T01:30:00Z,635,carbon dioxide,iaq-data,AM319-Sensor_3
2024-03-02T14:32:08.854677718Z,2024-03-09T14:32:08.854677718Z,2024-03-07T02:00:00Z,642,carbon dioxide,iaq-data,AM319-Sensor_3
2024-03-02T14:32:08.854677718Z,2024-03-09T14:32:08.854677718Z,2024-03-07T02:30:00Z,655.6666667,carbon dioxide,iaq-data,AM319-Sensor_3
2024-03-02T14:32:08.854677718Z,2024-03-09T14:32:08.854677718Z,2024-03-07T03:00:00Z,696.6666667,carbon dioxide,iaq-data,AM319-Sensor_3
2024-03-02T14:32:08.854677718Z,2024-03-09T14:32:08.854677718Z,2024-03-07T03:30:00Z,733,carbon dioxide,iaq-data,AM319-Sensor_3
2024-03-02T14:32:08.854677718Z,2024-03-09T14:32:08.854677718Z,2024-03-07T04:00:00Z,790.6666667,carbon dioxide,iaq-data,AM319-Sensor_3
2024-03-02T14:32:08.854677718Z,2024-03-09T14:32:08.854677718Z,2024-03-07T04:30:00Z,832.3333333,carbon dioxide,iaq-data,AM319-Sensor_3
2024-03-02T14:32:08.854677718Z,2024-03-09T14:32:08.854677718Z,2024-03-07T05:00:00Z,842.3333333,carbon dioxide,iaq-data,AM319-Sensor_3
2024-03-02T14:32:08.854677718Z,2024-03-09T14:32:08.854677718Z,2024-03-07T05:30:00Z,862.6666667,carbon dioxide,iaq-data,AM319-Sensor_3
2024-03-02T14:32:08.854677718Z,2024-03-09T14:32:08.854677718Z,2024-03-07T06:00:00Z,880.3333333,carbon dioxide,iaq-data,AM319-Sensor_3
2024-03-02T14:32:08.854677718Z,2024-03-09T14:32:08.854677718Z,2024-03-07T06:30:00Z,873,carbon dioxide,iaq-data,AM319-Sensor_3
2024-03-02T14:32:08.854677718Z,2024-03-09T14:32:08.854677718Z,2024-03-07T09:30:00Z,795.5,carbon dioxide,iaq-data,AM319-Sensor_3
2024-03-02T14:32:08.854677718Z,2024-03-09T14:32:08.854677718Z,2024-03-07T10:00:00Z,793,carbon dioxide,iaq-data,AM319-Sensor_3
2024-03-02T14:32:08.854677718Z,2024-03-09T14:32:08.854677718Z,2024-03-07T10:30:00Z,791,carbon dioxide,iaq-data,AM319-Sensor_3
2024-03-02T14:32:08.854677718Z,2024-03-09T14:32:08.854677718Z,2024-03-08T04:30:00Z,918,carbon dioxide,iaq-data,AM319-Sensor_3
2024-03-02T14:32:08.854677718Z,2024-03-09T14:32:08.854677718Z,2024-03-08T05:00:00Z,952,carbon dioxide,iaq-data,AM319-Sensor_3
2024-03-02T14:32:08.854677718Z,2024-03-09T14:32:08.854677718Z,2024-03-08T05:30:00Z,920,carbon dioxide,iaq-data,AM319-Sensor_3
2024-03-02T14:32:08.854677718Z,2024-03-09T14:32:08.854677718Z,2024-03-08T06:00:00Z,877.3333333,carbon dioxide,iaq-data,AM319-Sensor_3
2024-03-02T14:32:08.854677718Z,2024-03-09T14:32:08.854677718Z,2024-03-08T06:30:00Z,826.3333333,carbon dioxide,iaq-data,AM319-Sensor_3
2024-03-02T14:32:08.854677718Z,2024-03-09T14:32:08.854677718Z,2024-03-08T07:00:00Z,786.6666667,carbon dioxide,iaq-data,AM319-Sensor_3
2024-03-02T14:32:08.854677718Z,2024-03-09T14:32:08.854677718Z,2024-03-08T07:30:00Z,782.6666667,carbon dioxide,iaq-data,AM319-Sensor_3
2024-03-02T14:32:08.854677718Z,2024-03-09T14:32:08.854677718Z,2024-03-08T08:00:00Z,778.3333333,carbon dioxide,iaq-data,AM319-Sensor_3
2024-03-02T14:32:08.854677718Z,2024-03-09T14:32:08.854677718Z,2024-03-08T08:30:00Z,777.3333333,carbon dioxide,iaq-data,AM319-Sensor_3
2024-03-02T14:32:08.854677718Z,2024-03-09T14:32:08.854677718Z,2024-03-08T09:00:00Z,778.6666667,carbon dioxide,iaq-data,AM319-Sensor_3
2024-03-02T14:32:08.854677718Z,2024-03-09T14:32:08.854677718Z,2024-03-08T09:30:00Z,780,carbon dioxide,iaq-data,AM319-Sensor_3
2024-03-02T14:32:08.854677718Z,2024-03-09T14:32:08.854677718Z,2024-03-08T10:00:00Z,766,carbon dioxide,iaq-data,AM319-Sensor_3
2024-03-02T14:32:08.854677718Z,2024-03-09T14:32:08.854677718Z,2024-03-09T14:30:00Z,511,carbon dioxide,iaq-data,AM319-Sensor_3
2024-03-02T14:32:08.854677718Z,2024-03-09T14:32:08.854677718Z,2024-03-05T08:00:00Z,77,humidity,iaq-data,AM319-Sensor_3
2024-03-02T14:32:08.854677718Z,2024-03-09T14:32:08.854677718Z,2024-03-05T08:30:00Z,78,humidity,iaq-data,AM319-Sensor_3
2024-03-02T14:32:08.854677718Z,2024-03-09T14:32:08.854677718Z,2024-03-05T14:30:00Z,78.25,humidity,iaq-data,AM319-Sensor_3
2024-03-02T14:32:08.854677718Z,2024-03-09T14:32:08.854677718Z,2024-03-05T15:00:00Z,77,humidity,iaq-data,AM319-Sensor_3
2024-03-02T14:32:08.854677718Z,2024-03-09T14:32:08.854677718Z,2024-03-05T15:30:00Z,76,humidity,iaq-data,AM319-Sensor_3
2024-03-02T14:32:08.854677718Z,2024-03-09T14:32:08.854677718Z,2024-03-06T02:00:00Z,76.75,humidity,iaq-data,AM319-Sensor_3
2024-03-02T14:32:08.854677718Z,2024-03-09T14:32:08.854677718Z,2024-03-06T02:30:00Z,77.66666667,humidity,iaq-data,AM319-Sensor_3
2024-03-02T14:32:08.854677718Z,2024-03-09T14:32:08.854677718Z,2024-03-06T05:00:00Z,74.5,humidity,iaq-data,AM319-Sensor_3
2024-03-02T14:32:08.854677718Z,2024-03-09T14:32:08.854677718Z,2024-03-06T05:30:00Z,76.33333333,humidity,iaq-data,AM319-Sensor_3
2024-03-02T14:32:08.854677718Z,2024-03-09T14:32:08.854677718Z,2024-03-06T06:00:00Z,76.83333333,humidity,iaq-data,AM319-Sensor_3
2024-03-02T14:32:08.854677718Z,2024-03-09T14:32:08.854677718Z,2024-03-06T06:30:00Z,77,humidity,iaq-data,AM319-Sensor_3
2024-03-02T14:32:08.854677718Z,2024-03-09T14:32:08.854677718Z,2024-03-06T07:30:00Z,78.5,humidity,iaq-data,AM319-Sensor_3
2024-03-02T14:32:08.854677718Z,2024-03-09T14:32:08.854677718Z,2024-03-06T08:00:00Z,76.83333333,humidity,iaq-data,AM319-Sensor_3
2024-03-02T14:32:08.854677718Z,2024-03-09T14:32:08.854677718Z,2024-03-06T08:30:00Z,77.16666667,humidity,iaq-data,AM319-Sensor_3
2024-03-02T14:32:08.854677718Z,2024-03-09T14:32:08.854677718Z,2024-03-06T09:00:00Z,77.33333333,humidity,iaq-data,AM319-Sensor_3
2024-03-02T14:32:08.854677718Z,2024-03-09T14:32:08.854677718Z,2024-03-06T09:30:00Z,77.66666667,humidity,iaq-data,AM319-Sensor_3
2024-03-02T14:32:08.854677718Z,2024-03-09T14:32:08.854677718Z,2024-03-06T10:00:00Z,77.83333333,humidity,iaq-data,AM319-Sensor_3
2024-03-02T14:32:08.854677718Z,2024-03-09T14:32:08.854677718Z,2024-03-06T10:30:00Z,77.16666667,humidity,iaq-data,AM319-Sensor_3
2024-03-02T14:32:08.854677718Z,2024-03-09T14:32:08.854677718Z,2024-03-06T11:00:00Z,78.5,humidity,iaq-data,AM319-Sensor_3
2024-03-02T14:32:08.854677718Z,2024-03-09T14:32:08.854677718Z,2024-03-07T01:30:00Z,77,humidity,iaq-data,AM319-Sensor_3
2024-03-02T14:32:08.854677718Z,2024-03-09T14:32:08.854677718Z,2024-03-07T02:00:00Z,77.5,humidity,iaq-data,AM319-Sensor_3
2024-03-02T14:32:08.854677718Z,2024-03-09T14:32:08.854677718Z,2024-03-07T02:30:00Z,75.5,humidity,iaq-data,AM319-Sensor_3
2024-03-02T14:32:08.854677718Z,2024-03-09T14:32:08.854677718Z,2024-03-07T03:00:00Z,77,humidity,iaq-data,AM319-Sensor_3
2024-03-02T14:32:08.854677718Z,2024-03-09T14:32:08.854677718Z,2024-03-07T03:30:00Z,76.33333333,humidity,iaq-data,AM319-Sensor_3
2024-03-02T14:32:08.854677718Z,2024-03-09T14:32:08.854677718Z,2024-03-07T04:00:00Z,77.83333333,humidity,iaq-data,AM319-Sensor_3
2024-03-02T14:32:08.854677718Z,2024-03-09T14:32:08.854677718Z,2024-03-07T04:30:00Z,78.5,humidity,iaq-data,AM319-Sensor_3
2024-03-02T14:32:08.854677718Z,2024-03-09T14:32:08.854677718Z,2024-03-07T05:00:00Z,79.33333333,humidity,iaq-data,AM319-Sensor_3
2024-03-02T14:32:08.854677718Z,2024-03-09T14:32:08.854677718Z,2024-03-07T05:30:00Z,78.33333333,humidity,iaq-data,AM319-Sensor_3
2024-03-02T14:32:08.854677718Z,2024-03-09T14:32:08.854677718Z,2024-03-07T06:00:00Z,77.83333333,humidity,iaq-data,AM319-Sensor_3
2024-03-02T14:32:08.854677718Z,2024-03-09T14:32:08.854677718Z,2024-03-07T06:30:00Z,76.5,humidity,iaq-data,AM319-Sensor_3
2024-03-02T14:32:08.854677718Z,2024-03-09T14:32:08.854677718Z,2024-03-07T09:30:00Z,78,humidity,iaq-data,AM319-Sensor_3
2024-03-02T14:32:08.854677718Z,2024-03-09T14:32:08.854677718Z,2024-03-07T10:00:00Z,78.33333333,humidity,iaq-data,AM319-Sensor_3
2024-03-02T14:32:08.854677718Z,2024-03-09T14:32:08.854677718Z,2024-03-07T10:30:00Z,77.5,humidity,iaq-data,AM319-Sensor_3
2024-03-02T14:32:08.854677718Z,2024-03-09T14:32:08.854677718Z,2024-03-08T04:30:00Z,78.25,humidity,iaq-data,AM319-Sensor_3
2024-03-02T14:32:08.854677718Z,2024-03-09T14:32:08.854677718Z,2024-03-08T05:00:00Z,77.33333333,humidity,iaq-data,AM319-Sensor_3
2024-03-02T14:32:08.854677718Z,2024-03-09T14:32:08.854677718Z,2024-03-08T05:30:00Z,78.5,humidity,iaq-data,AM319-Sensor_3
2024-03-02T14:32:08.854677718Z,2024-03-09T14:32:08.854677718Z,2024-03-08T06:00:00Z,76.33333333,humidity,iaq-data,AM319-Sensor_3
2024-03-02T14:32:08.854677718Z,2024-03-09T14:32:08.854677718Z,2024-03-08T06:30:00Z,77.33333333,humidity,iaq-data,AM319-Sensor_3
2024-03-02T14:32:08.854677718Z,2024-03-09T14:32:08.854677718Z,2024-03-08T07:00:00Z,76.33333333,humidity,iaq-data,AM319-Sensor_3
2024-03-02T14:32:08.854677718Z,2024-03-09T14:32:08.854677718Z,2024-03-08T07:30:00Z,78.16666667,humidity,iaq-data,AM319-Sensor_3
2024-03-02T14:32:08.854677718Z,2024-03-09T14:32:08.854677718Z,2024-03-08T08:00:00Z,77.5,humidity,iaq-data,AM319-Sensor_3
2024-03-02T14:32:08.854677718Z,2024-03-09T14:32:08.854677718Z,2024-03-08T08:30:00Z,77.66666667,humidity,iaq-data,AM319-Sensor_3
2024-03-02T14:32:08.854677718Z,2024-03-09T14:32:08.854677718Z,2024-03-08T09:00:00Z,77.83333333,humidity,iaq-data,AM319-Sensor_3
2024-03-02T14:32:08.854677718Z,2024-03-09T14:32:08.854677718Z,2024-03-08T09:30:00Z,76,humidity,iaq-data,AM319-Sensor_3
2024-03-02T14:32:08.854677718Z,2024-03-09T14:32:08.854677718Z,2024-03-08T10:00:00Z,77.5,humidity,iaq-data,AM319-Sensor_3
2024-03-02T14:32:08.854677718Z,2024-03-09T14:32:08.854677718Z,2024-03-09T14:30:00Z,75,humidity,iaq-data,AM319-Sensor_3
2024-03-02T14:32:08.854677718Z,2024-03-09T14:32:08.854677718Z,2024-03-05T08:00:00Z,23.5,temperature,iaq-data,AM319-Sensor_3
2024-03-02T14:32:08.854677718Z,2024-03-09T14:32:08.854677718Z,2024-03-05T08:30:00Z,23.7,temperature,iaq-data,AM319-Sensor_3
2024-03-02T14:32:08.854677718Z,2024-03-09T14:32:08.854677718Z,2024-03-05T14:30:00Z,23.45,temperature,iaq-data,AM319-Sensor_3
2024-03-02T14:32:08.854677718Z,2024-03-09T14:32:08.854677718Z,2024-03-05T15:00:00Z,24.1,temperature,iaq-data,AM319-Sensor_3
2024-03-02T14:32:08.854677718Z,2024-03-09T14:32:08.854677718Z,2024-03-05T15:30:00Z,23.8,temperature,iaq-data,AM319-Sensor_3
2024-03-02T14:32:08.854677718Z,2024-03-09T14:32:08.854677718Z,2024-03-06T02:00:00Z,23.95,temperature,iaq-data,AM319-Sensor_3
2024-03-02T14:32:08.854677718Z,2024-03-09T14:32:08.854677718Z,2024-03-06T02:30:00Z,23.86666667,temperature,iaq-data,AM319-Sensor_3
2024-03-02T14:32:08.854677718Z,2024-03-09T14:32:08.854677718Z,2024-03-06T05:00:00Z,24.2,temperature,iaq-data,AM319-Sensor_3
2024-03-02T14:32:08.854677718Z,2024-03-09T14:32:08.854677718Z,2024-03-06T05:30:00Z,23.9,temperature,iaq-data,AM319-Sensor_3
2024-03-02T14:32:08.854677718Z,2024-03-09T14:32:08.854677718Z,2024-03-06T06:00:00Z,23.73333333,temperature,iaq-data,AM319-Sensor_3
2024-03-02T14:32:08.854677718Z,2024-03-09T14:32:08.854677718Z,2024-03-06T06:30:00Z,23.75,temperature,iaq-data,AM319-Sensor_3
2024-03-02T14:32:08.854677718Z,2024-03-09T14:32:08.854677718Z,2024-03-06T07:30:00Z,23.6,temperature,iaq-data,AM319-Sensor_3
2024-03-02T14:32:08.854677718Z,2024-03-09T14:32:08.854677718Z,2024-03-06T08:00:00Z,23.6,temperature,iaq-data,AM319-Sensor_3
2024-03-02T14:32:08.854677718Z,2024-03-09T14:32:08.854677718Z,2024-03-06T08:30:00Z,23.76666667,temperature,iaq-data,AM319-Sensor_3
2024-03-02T14:32:08.854677718Z,2024-03-09T14:32:08.854677718Z,2024-03-06T09:00:00Z,23.83333333,temperature,iaq-data,AM319-Sensor_3
2024-03-02T14:32:08.854677718Z,2024-03-09T14:32:08.854677718Z,2024-03-06T09:30:00Z,23.63333333,temperature,iaq-data,AM319-Sensor_3
2024-03-02T14:32:08.854677718Z,2024-03-09T14:32:08.854677718Z,2024-03-06T10:00:00Z,23.66666667,temperature,iaq-data,AM319-Sensor_3
2024-03-02T14:32:08.854677718Z,2024-03-09T14:32:08.854677718Z,2024-03-06T10:30:00Z,23.6,temperature,iaq-data,AM319-Sensor_3
2024-03-02T14:32:08.854677718Z,2024-03-09T14:32:08.854677718Z,2024-03-06T11:00:00Z,23.6,temperature,iaq-data,AM319-Sensor_3
2024-03-02T14:32:08.854677718Z,2024-03-09T14:32:08.854677718Z,2024-03-07T01:30:00Z,23.9,temperature,iaq-data,AM319-Sensor_3
2024-03-02T14:32:08.854677718Z,2024-03-09T14:32:08.854677718Z,2024-03-07T02:00:00Z,24.16666667,temperature,iaq-data,AM319-Sensor_3
2024-03-02T14:32:08.854677718Z,2024-03-09T14:32:08.854677718Z,2024-03-07T02:30:00Z,24.23333333,temperature,iaq-data,AM319-Sensor_3
2024-03-02T14:32:08.854677718Z,2024-03-09T14:32:08.854677718Z,2024-03-07T03:00:00Z,24.13333333,temperature,iaq-data,AM319-Sensor_3
2024-03-02T14:32:08.854677718Z,2024-03-09T14:32:08.854677718Z,2024-03-07T03:30:00Z,23.93333333,temperature,iaq-data,AM319-Sensor_3
2024-03-02T14:32:08.854677718Z,2024-03-09T14:32:08.854677718Z,2024-03-07T04:00:00Z,23.83333333,temperature,iaq-data,AM319-Sensor_3
2024-03-02T14:32:08.854677718Z,2024-03-09T14:32:08.854677718Z,2024-03-07T04:30:00Z,23.43333333,temperature,iaq-data,AM319-Sensor_3
2024-03-02T14:32:08.854677718Z,2024-03-09T14:32:08.854677718Z,2024-03-07T05:00:00Z,23.43333333,temperature,iaq-data,AM319-Sensor_3
2024-03-02T14:32:08.854677718Z,2024-03-09T14:32:08.854677718Z,2024-03-07T05:30:00Z,23.26666667,temperature,iaq-data,AM319-Sensor_3
2024-03-02T14:32:08.854677718Z,2024-03-09T14:32:08.854677718Z,2024-03-07T06:00:00Z,23.36666667,temperature,iaq-data,AM319-Sensor_3
2024-03-02T14:32:08.854677718Z,2024-03-09T14:32:08.854677718Z,2024-03-07T06:30:00Z,23.2,temperature,iaq-data,AM319-Sensor_3
2024-03-02T14:32:08.854677718Z,2024-03-09T14:32:08.854677718Z,2024-03-07T09:30:00Z,23.45,temperature,iaq-data,AM319-Sensor_3
2024-03-02T14:32:08.854677718Z,2024-03-09T14:32:08.854677718Z,2024-03-07T10:00:00Z,23.4,temperature,iaq-data,AM319-Sensor_3
2024-03-02T14:32:08.854677718Z,2024-03-09T14:32:08.854677718Z,2024-03-07T10:30:00Z,23.8,temperature,iaq-data,AM319-Sensor_3
2024-03-02T14:32:08.854677718Z,2024-03-09T14:32:08.854677718Z,2024-03-08T04:30:00Z,23.7,temperature,iaq-data,AM319-Sensor_3
2024-03-02T14:32:08.854677718Z,2024-03-09T14:32:08.854677718Z,2024-03-08T05:00:00Z,23.83333333,temperature,iaq-data,AM319-Sensor_3
2024-03-02T14:32:08.854677718Z,2024-03-09T14:32:08.854677718Z,2024-03-08T05:30:00Z,23.7,temperature,iaq-data,AM319-Sensor_3
2024-03-02T14:32:08.854677718Z,2024-03-09T14:32:08.854677718Z,2024-03-08T06:00:00Z,23.66666667,temperature,iaq-data,AM319-Sensor_3
2024-03-02T14:32:08.854677718Z,2024-03-09T14:32:08.854677718Z,2024-03-08T06:30:00Z,23.56666667,temperature,iaq-data,AM319-Sensor_3
2024-03-02T14:32:08.854677718Z,2024-03-09T14:32:08.854677718Z,2024-03-08T07:00:00Z,23.5,temperature,iaq-data,AM319-Sensor_3
2024-03-02T14:32:08.854677718Z,2024-03-09T14:32:08.854677718Z,2024-03-08T07:30:00Z,23.5,temperature,iaq-data,AM319-Sensor_3
2024-03-02T14:32:08.854677718Z,2024-03-09T14:32:08.854677718Z,2024-03-08T08:00:00Z,23.46666667,temperature,iaq-data,AM319-Sensor_3
2024-03-02T14:32:08.854677718Z,2024-03-09T14:32:08.854677718Z,2024-03-08T08:30:00Z,23.76666667,temperature,iaq-data,AM319-Sensor_3
2024-03-02T14:32:08.854677718Z,2024-03-09T14:32:08.854677718Z,2024-03-08T09:00:00Z,23.93333333,temperature,iaq-data,AM319-Sensor_3
2024-03-02T14:32:08.854677718Z,2024-03-09T14:32:08.854677718Z,2024-03-08T09:30:00Z,23.8,temperature,iaq-data,AM319-Sensor_3
2024-03-02T14:32:08.854677718Z,2024-03-09T14:32:08.854677718Z,2024-03-08T10:00:00Z,23.9,temperature,iaq-data,AM319-Sensor_3
2024-03-02T14:32:08.854677718Z,2024-03-09T14:32:08.854677718Z,2024-03-09T14:30:00Z,25,temperature,iaq-data,AM319-Sensor_3